external_row,section,term,definition,external_verdict,original_axiom,corrected_axiom,external_notes,match_kind,coms_subject,coms_sheet,coms_row,coms_row_id,coms_status,coms_predicate,coms_target,coms_reasoning,preliminary_disposition,validated_disposition,validated_basis
2,Common Classes,sosa:ActuatingProcedure,"workflow, protocol, plan, algorithm, or computational method specifying how to make an Actuation",Decision needed (default in place),subClassOf sosa:Procedure and (cco:prescribes some sosa:Actuation),"sosa:ActuatingProcedure rdfs:subClassOf sosa:Procedure , [ a owl:Restriction ; owl:onProperty cco:ont00001942 ; owl:allValuesFrom sosa:Actuation ] ; rdfs:comment ""A Procedure all of whose prescribed acts are Actuations (allValuesFrom). See Decisions needed (Procedure family).""@en .","sosa:ActuatingProcedure is a subclass of sosa:Procedure because it is a prescriptive information content entity that specifies how an actuation is to be carried out. The existential restriction on cco:prescribes captures that every sosa:ActuatingProcedure must prescribe at least one sosa:Actuation, distinguishing it from sosa:ObservingProcedure and sosa:SamplingProcedure.",exact,sosa:ActuatingProcedure,Sheet1,2,urn:uuid:11668420-475b-467e-ba23-7f96488ec7e2,active,rdfs:subClassOf,sosa:Procedure and (cco:prescribes some sosa:Actuation),,human decision required,,
3,Common Classes,sosa:Actuation,act of carrying out an ActuatingProcedure using an Actuator to change the value of an actuatable Property of a FeatureOfInterest,OK as-is,equivalentTo cco:PlannedAct and (sosa:actsOnProperty some sosa:Property),sosa:Actuation owl:equivalentClass [ a owl:Class ; owl:intersectionOf ( cco:ont00000228 [ a owl:Restriction ; owl:onProperty sosa:actsOnProperty ; owl:someValuesFrom sosa:Property ] ) ] .,sosa:Actuation is modeled as a cco:PlannedAct because it is intentionally carried out according to a procedure in order to change the state of the world. sosa:ActuatableProperty is deprecated in SOSA 2023 — the range is now sosa:Property. The equivalentTo axiom is used because being a planned act that acts on a property is both necessary and sufficient for being an actuation.,exact,sosa:Actuation,Sheet1,3,urn:uuid:a4d06a9e-8e56-4199-86f5-82c2ea87766b,active,owl:equivalentClass,cco:PlannedAct and (sosa:actsOnProperty some sosa:Property),,verify existing active mapping against external correction,already_represented,"The governed COMS axiom has the same BFO/CCO direction and logical strength as the external corrected axiom. Source-native declarations, domains, ranges, inverses, restrictions, labels, and comments do not require an additional COMS axiom."
4,Common Classes,sosa:ActuationCollection,set of one or more Actuations or ActuationCollections; collections may be nested,OK as-is,subClassOf bfo:Process and (bfo:has_occurrent_part some (sosa:Actuation or sosa:ActuationCollection)),sosa:ActuationCollection rdfs:subClassOf [ a owl:Class ; owl:intersectionOf ( obo:BFO_0000015 [ a owl:Restriction ; owl:onProperty obo:BFO_0000117 ; owl:someValuesFrom [ a owl:Class ; owl:unionOf ( sosa:Actuation sosa:ActuationCollection ) ] ] ) ] .,"ActuationCollection is modeled as a bfo:Process because an ActuationCollection is itself an occurrent that takes place over the time span covered by its member Actuations and shares the process nature of its members. The axiom uses only a some-restriction on bfo:has_occurrent_part and deliberately omits an only-restriction. An only-restriction would be incorrect here because bfo:has_occurrent_part is transitive and ranges over all occurrent parts at any depth, including the internal sub-processes of the member Actuations themselves. Asserting bfo:has_occurrent_part only sosa:Actuation on the collection would force every internal sub-process of every member to also be a sosa:Actuation, which is wrong. The homogeneity of direct collection members is a constraint on direct sosa:hasMember edges, not on deep BFO occurrent parthood, and is enforced by the SHACL shape on sosa:hasMember (see Common OPs: sosa:hasMember). Note the terminological distinction: ""SOSA member"" refers to the sosa:hasMember relation between a collection and the things it gathers; ""BFO occurrent part"" is the mereological relation that holds transitively over all sub-processes. These two concepts are intentionally decoupled in this workbook. The parthood of at least one member is asserted at the class level via bfo:has_occurrent_part rather than through sosa:hasMember, because sosa:hasMember carries no parthood sub-property assertion (see Common OPs: sosa:hasMember). This row and the hasMember row work as a pair: the class carries the BFO parthood entailment where it is well-defined, the property carries the uniform SOSA collection-membership semantics, and SHACL shapes on hasMember validate member types per collection class.",exact,sosa:ActuationCollection,Sheet1,4,urn:uuid:31becfe4-ccc5-4100-a7c2-a59fe2f86b19,active,rdfs:subClassOf,bfo:Process and (bfo:has_occurrent_part some (sosa:Actuation or sosa:ActuationCollection)),,verify existing active mapping against external correction,already_represented,"The governed COMS axiom has the same BFO/CCO direction and logical strength as the external corrected axiom. Source-native declarations, domains, ranges, inverses, restrictions, labels, and comments do not require an additional COMS axiom."
5,Common Classes,sosa:Actuator,System that implements an ActuatingProcedure to change the value of an actuatable Property,Syntactic repair,"subClassOf bfo:MaterialEntity
    and (bfo:bearer_of some
         (bfo:RealizableEntity and (bfo:realizes some sosa:Actuation)))
    and (cco:agent_in some sosa:Actuation)","sosa:Actuator rdfs:subClassOf obo:BFO_0000040 , [ a owl:Restriction ; owl:onProperty obo:BFO_0000196 ; owl:someValuesFrom [ a owl:Class ; owl:intersectionOf ( obo:BFO_0000017 [ a owl:Restriction ; owl:onProperty obo:BFO_0000054 ; owl:someValuesFrom sosa:Actuation ] ) ] ] , [ a owl:Restriction ; owl:onProperty cco:ont00001787 ; owl:someValuesFrom sosa:Actuation ] ; rdfs:comment ""Fixed realization direction: the borne realizable is 'realized in' (obo:BFO_0000054) an Actuation, not 'realizes' it (the workbook's obo:BFO_0000055 typed the filler realizable-and-process = unsatisfiable). Retains the workbook's episodic reading (an actual Actuation is entailed); see Decisions needed for the dispositional alternative recorded on the sibling Sensor row.""@en .","sosa:Actuator is a bfo:MaterialEntity because actuators are physical devices. The bfo:RealizableEntity it bears is realized in actuation processes, capturing the functional rather than purely structural definition of actuators. The cco:agent_in restriction captures that the actuator plays a causative role in the actuation.",exact,sosa:Actuator,Sheet1,5,urn:uuid:dc44970b-082c-43c9-bf91-a3cec17e9e81,active,rdfs:subClassOf,bfo:MaterialEntity and (bfo:bearer_of some (bfo:RealizableEntity and (bfo:has_realization some sosa:Actuation))) and (cco:agent_in some sosa:Actuation),,compare and adapt only after IRI/version verification,,
6,Common Classes,sosa:Deployment,arrangement of one or more Assets to execute Procedures with respect to designated features of interest.,Decision needed (default in place),equivalentTo cco:PlannedAct and (sosa:deployedSystem some sosa:System) and (sosa:deployedOnPlatform some bfo:MaterialEntity),"sosa:Deployment owl:equivalentClass [ a owl:Class ; owl:intersectionOf ( cco:ont00000228 [ a owl:Restriction ; owl:onProperty sosa:deployedSystem ; owl:someValuesFrom sosa:System ] ) ] ; rdfs:comment ""Recommended repair: a Planned Act deploying at least one System. The workbook's additional 'deployedOnPlatform some MaterialEntity' conjunct is dropped: the SOSA definition has no platform requirement, so a platform-less deployment would otherwise entail a phantom target. See Decisions needed.""@en .","sosa:Deployment is modeled as a cco:PlannedAct because it involves intentional positioning or installation of systems for a purpose, rather than constituting a structural relation such as parthood. The equivalentTo axiom captures that deploying at least one system on at least one material entity is both necessary and sufficient for being a deployment.",exact,sosa:Deployment,Sheet1,6,urn:uuid:e048daa4-a241-46b8-97ea-64aa13f58ae2,active,owl:equivalentClass,cco:PlannedAct and (sosa:deployedSystem some sosa:System) and (sosa:deployedOnPlatform some bfo:MaterialEntity),,human decision required,,
7,Common Classes,sosa:Execution,act of carrying out a Procedure using a System,OK as-is,subClassOf cco:PlannedAct and (cco:prescribed_by some sosa:Procedure) and (cco:has_agent some sosa:System),sosa:Execution rdfs:subClassOf [ a owl:Class ; owl:intersectionOf ( cco:ont00000228 [ a owl:Restriction ; owl:onProperty cco:ont00001920 ; owl:someValuesFrom sosa:Procedure ] [ a owl:Restriction ; owl:onProperty cco:ont00001833 ; owl:someValuesFrom sosa:System ] ) ] .,"sosa:Execution is a subclass of cco:PlannedAct because it is intentionally carried out according to a procedure by a system acting as an agent. It is a subclass rather than equivalentTo because the conditions given are necessary but not sufficient — additional constraints apply in specialized subclasses such as sosa:Observation, sosa:Actuation, and sosa:Sampling.",exact,sosa:Execution,Sheet1,7,urn:uuid:31eb03df-4e8b-469b-b563-63679a5bf66b,active,rdfs:subClassOf,cco:PlannedAct and (cco:prescribed_by some sosa:Procedure) and (cco:has_agent some sosa:System),,verify existing active mapping against external correction,already_represented,"The governed COMS axiom has the same BFO/CCO direction and logical strength as the external corrected axiom. Source-native declarations, domains, ranges, inverses, restrictions, labels, and comments do not require an additional COMS axiom."
8,Common Classes,sosa:ExecutionCollection,set of one or more Executions or ExecutionCollections; collections may be nested,OK as-is,subClassOf bfo:Process and (bfo:has_occurrent_part some (sosa:Execution or sosa:ExecutionCollection)),sosa:ExecutionCollection rdfs:subClassOf [ a owl:Class ; owl:intersectionOf ( obo:BFO_0000015 [ a owl:Restriction ; owl:onProperty obo:BFO_0000117 ; owl:someValuesFrom [ a owl:Class ; owl:unionOf ( sosa:Execution sosa:ExecutionCollection ) ] ] ) ] .,"ExecutionCollection is the most general of the four process-flavored SOSA collection classes, covering any collection of acts of carrying out a Procedure — including Observations, Actuations, and Samplings, which are its subclasses. It is modeled as a bfo:Process because an ExecutionCollection is itself an occurrent that takes place over the time span of its member Executions. Note that sosa:ObservationCollection, sosa:ActuationCollection, and sosa:SamplingCollection are specializations of sosa:ExecutionCollection (since their member types are specializations of sosa:Execution), so the entailments chain naturally and no separate bridge axiom is needed. The axiom uses only a some-restriction on bfo:has_occurrent_part and deliberately omits an only-restriction. An only-restriction would be incorrect here because bfo:has_occurrent_part is transitive and ranges over all occurrent parts at any depth, including the internal sub-processes of the member Executions themselves. Asserting bfo:has_occurrent_part only sosa:Execution on the collection would force every internal sub-process of every member to also be a sosa:Execution, which is wrong. The homogeneity of direct collection members is enforced by the SHACL shape on sosa:hasMember (see Common OPs: sosa:hasMember). Note the terminological distinction: ""SOSA member"" refers to the sosa:hasMember relation; ""BFO occurrent part"" is the mereological relation that holds transitively. These are intentionally decoupled. The parthood of at least one member is asserted at the class level rather than through sosa:hasMember, because sosa:hasMember carries no parthood sub-property assertion (see Common OPs: sosa:hasMember). This row and the hasMember row work as a pair.",exact,sosa:ExecutionCollection,Sheet1,8,urn:uuid:07060322-415d-4b32-baab-984fa77abbd6,active,rdfs:subClassOf,bfo:Process and (bfo:has_occurrent_part some (sosa:Execution or sosa:ExecutionCollection)),,verify existing active mapping against external correction,already_represented,"The governed COMS axiom has the same BFO/CCO direction and logical strength as the external corrected axiom. Source-native declarations, domains, ranges, inverses, restrictions, labels, and comments do not require an additional COMS axiom."
9,Common Classes,sosa:FeatureOfInterest,entity that is the target of an Execution or Deployment,Semantic redesign,equivalentTo bfo:Entity and (sosa:isFeatureOfInterestOf some (sosa:Observation or sosa:Sampling or sosa:Actuation)),"sosa:FeatureOfInterest owl:equivalentClass [ a owl:Class ; owl:intersectionOf ( obo:BFO_0000001 [ a owl:Restriction ; owl:onProperty sosa:isFeatureOfInterestOf ; owl:someValuesFrom [ a owl:Class ; owl:unionOf ( sosa:Execution sosa:ExecutionCollection sosa:Deployment ) ] ] ) ] ; rdfs:comment ""A bfo:Entity that is the feature of interest of some Execution, ExecutionCollection, or Deployment (target widened from the workbook's Observation-or-Sampling-or-Actuation to match the native range of sosa:isFeatureOfInterestOf). The published BFO-Mappings release instead uses a one-way upper union (specifically dependent continuant, process profile, material entity, or process); that was tried and REVERTED, because it excludes immaterial continuants, so an immaterial FeatureOfInterest (a site, a spatial region, an airspace — all legitimate in SOSA) is forced into an empty class and the ontology is inconsistent. The bfo:Entity upper bound here admits immaterial features of interest.""@en .","SOSA places no type restriction on sosa:FeatureOfInterest — the thing whose property is observed, sampled, or actuated can be any kind of entity. So instead of the earlier disjunction over bfo:MaterialEntity and bfo:Process, the feature of interest is modeled as a bfo:Entity, with the defining condition carried entirely by the relation: being the feature of interest of at least one sosa:Observation, sosa:Sampling, or sosa:Actuation. Since bfo:Entity is the top type, the class is effectively defined by that relation alone. The relation target is given as the SOSA acts (Observation/Sampling/Actuation) rather than cco:ActOfMeasuring so it agrees with the declared range of sosa:isFeatureOfInterestOf (Execution or Deployment). A single relation (sosa:isFeatureOfInterestOf) replaces the earlier split between cco:is_object_of and sosa:isFeatureOfInterestOf.",exact,sosa:FeatureOfInterest,Sheet1,9,urn:uuid:f7f210fc-b43d-4275-b122-0993282dc688,active,owl:equivalentClass,bfo:Entity and (sosa:isFeatureOfInterestOf some (sosa:Observation or sosa:Sampling or sosa:Actuation)),,substantive reconciliation required,,
10,Common Classes,sosa:MaterialSample,"subset of a FeatureOfInterest that is physical (i.e., tangible)",OK as-is,subClassOf sosa:Sample and bfo:MaterialEntity and (cco:is_output_of some sosa:Sampling),sosa:MaterialSample rdfs:subClassOf [ a owl:Class ; owl:intersectionOf ( sosa:Sample obo:BFO_0000040 [ a owl:Restriction ; owl:onProperty cco:ont00001816 ; owl:someValuesFrom sosa:Sampling ] ) ] .,"sosa:MaterialSample is a subclass of both sosa:Sample and bfo:MaterialEntity because it is a physical sample produced by a sampling process. The cco:is_output_of restriction captures that it must be the output of at least one sosa:Sampling, distinguishing it from samples defined by spatial or statistical criteria.",exact,sosa:MaterialSample,Sheet1,10,urn:uuid:7ea55b20-b2e9-4a97-abdc-13abb0eb4b9a,active,rdfs:subClassOf,sosa:Sample and bfo:MaterialEntity and (cco:is_output_of some sosa:Sampling),,verify existing active mapping against external correction,already_represented,"The governed COMS axiom has the same BFO/CCO direction and logical strength as the external corrected axiom. Source-native declarations, domains, ranges, inverses, restrictions, labels, and comments do not require an additional COMS axiom."
11,Common Classes,sosa:Observation,act of carrying out an ObservingProcedure using a Sensor to estimate or calculate a value of an observable Property of a FeatureOfInterest,Decision needed (default in place),subClassOf cco:PlannedAct and (cco:has_process_part some (cco:ActOfMeasuring and cco:ActOfObservation)),"sosa:Observation rdfs:subClassOf cco:ont00000228 , [ a owl:Restriction ; owl:onProperty cco:ont00001777 ; owl:someValuesFrom cco:ont00000345 ] ; rdfs:comment ""Recommended repair pending sign-off: an Observation is a Planned Act that has a process part which is an Act of Measuring. The workbook additionally required an Act of Observation part, but the posted issue-429 position holds that the Act of Observation ('via the use of one or more senses') only OVERLAPS sosa:Observation (an automated spectrometer observation contains no sense-based act); requiring it in every Observation contradicts that position. See Decisions needed.""@en .","sosa:Observation is modeled as a cco:PlannedAct with internal structure because it involves intentional acts of observation and measurement carried out according to a procedure. The cco:has_process_part restriction captures the necessary internal structure without overcommitting to an equivalentTo axiom, since observations may have additional process parts.",exact,sosa:Observation,Sheet1,11,urn:uuid:3677c023-0651-4d65-9427-812b24cf7adb,active,rdfs:subClassOf,cco:PlannedAct and (cco:has_process_part some (cco:ActOfMeasuring and cco:ActOfObservation)),,human decision — determine required process-part commitment,,
12,Common Classes,sosa:ObservationCollection,set of Observations or ObservationCollections; collections may be nested,OK as-is,subClassOf bfo:Process and (bfo:has_occurrent_part some (sosa:Observation or sosa:ObservationCollection)),sosa:ObservationCollection rdfs:subClassOf [ a owl:Class ; owl:intersectionOf ( obo:BFO_0000015 [ a owl:Restriction ; owl:onProperty obo:BFO_0000117 ; owl:someValuesFrom [ a owl:Class ; owl:unionOf ( sosa:Observation sosa:ObservationCollection ) ] ] ) ] .,"ObservationCollection is modeled as a bfo:Process because an ObservationCollection is itself an occurrent — it takes place over the time span covered by its member Observations and shares the process nature of the Observations that compose it. The axiom uses only a some-restriction on bfo:has_occurrent_part and deliberately omits an only-restriction. An only-restriction would be incorrect here because bfo:has_occurrent_part is transitive and ranges over all occurrent parts at any depth, including the internal sub-processes of the member Observations themselves (e.g., an Observation has a cco:ActOfMeasuring as a process part, and that ActOfMeasuring is not itself an Observation). Asserting bfo:has_occurrent_part only sosa:Observation on the collection would therefore force every internal sub-process of every member to also be a sosa:Observation, which is wrong. The homogeneity of direct collection members — what SOSA means when it writes ""a collection of Observations"" — is a constraint on direct sosa:hasMember edges, not on deep BFO occurrent parthood, and is enforced by the SHACL shape on sosa:hasMember (see Common OPs: sosa:hasMember). Note the terminological distinction: ""SOSA member"" refers to the sosa:hasMember relation between a collection and the things it gathers; ""BFO occurrent part"" is the mereological relation that holds transitively over all sub-processes. These two concepts are intentionally decoupled in this workbook. The parthood of at least one member is asserted directly at the class level via bfo:has_occurrent_part rather than through sosa:hasMember, because sosa:hasMember is declared as a bare object property with no parthood sub-property assertion (see Common OPs: sosa:hasMember). This row and the hasMember row work as a pair: the class carries the BFO parthood entailment where it is well-defined, the property carries the uniform SOSA collection-membership semantics, and SHACL shapes on hasMember validate member types per collection class.",exact,sosa:ObservationCollection,Sheet1,12,urn:uuid:31d563c8-5d91-436e-b3a3-3170f8b4483a,active,rdfs:subClassOf,bfo:Process and (bfo:has_occurrent_part some (sosa:Observation or sosa:ObservationCollection)),,verify existing active mapping against external correction,already_represented,"The governed COMS axiom has the same BFO/CCO direction and logical strength as the external corrected axiom. Source-native declarations, domains, ranges, inverses, restrictions, labels, and comments do not require an additional COMS axiom."
13,Common Classes,sosa:ObservingProcedure,"workflow, protocol, plan, algorithm, or computational method specifying how to make an Observation",Decision needed (default in place),subClassOf sosa:Procedure and (cco:prescribes some sosa:Observation),"sosa:ObservingProcedure rdfs:subClassOf sosa:Procedure , [ a owl:Restriction ; owl:onProperty cco:ont00001942 ; owl:allValuesFrom sosa:Observation ] ; rdfs:comment ""A Procedure all of whose prescribed acts are Observations (allValuesFrom, so no actual Observation is entailed for an unused procedure). See Decisions needed (Procedure family).""@en .",sosa:ObservingProcedure is a subclass of sosa:Procedure because it is a prescriptive information content entity that specifies how an observation is to be carried out. The existential restriction on cco:prescribes distinguishes it from sosa:ActuatingProcedure and sosa:SamplingProcedure.,exact,sosa:ObservingProcedure,Sheet1,13,urn:uuid:277e554b-faab-4405-a559-8d4f24993ea5,active,rdfs:subClassOf,sosa:Procedure and (cco:prescribes some sosa:Observation),,human decision required,,
14,Common Classes,sosa:Platform,"An Asset that hosts other Assets, particularly Systems (often Sensors), and other Platforms.",Semantic redesign,equivalentTo bfo:MaterialEntity and (sosa:hosts some sosa:System),"sosa:Platform owl:equivalentClass [ a owl:Class ; owl:intersectionOf ( obo:BFO_0000040 [ a owl:Restriction ; owl:onProperty sosa:hosts ; owl:someValuesFrom [ a owl:Class ; owl:unionOf ( sosa:System sosa:Platform ) ] ] ) ] ; rdfs:comment ""Hosted filler widened to (System or Platform), matching the SOSA definition ('hosts Assets, particularly Systems and other Platforms') and the native range of sosa:hosts; the workbook filler 'hosts some System' mis-scoped platforms that host only sub-platforms.""@en .","sosa:Platform is modeled as a bfo:MaterialEntity defined by its role in hosting systems, without committing to parthood, attachment, or containment as necessary conditions. The equivalentTo axiom captures that hosting at least one system is both necessary and sufficient for being a platform.",exact,sosa:Platform,Sheet1,14,urn:uuid:59e7a370-d6ed-4046-905c-854752bf74cc,active,owl:equivalentClass,bfo:MaterialEntity and (sosa:hosts some sosa:System),,substantive reconciliation required,,
15,Common Classes,sosa:Procedure,"workflow, protocol, plan, algorithm, or computational method specifying how to make an Execution",Decision needed (default in place),subClassOf cco:PrescriptiveInformationContentEntity and (cco:prescribes some bfo:Process),"sosa:Procedure rdfs:subClassOf cco:ont00000965 ; rdfs:comment ""Modelled as a Prescriptive Information Content Entity. The workbook's additional conjunct 'prescribes some Process' is dropped: a Procedure is re-usable and may prescribe zero, one, or many executions, so requiring an actual prescribed process over-commits. See Decisions needed.""@en .","sosa:Procedure is mapped to cco:PrescriptiveInformationContentEntity because a procedure is an information content entity that prescribes how a process is to be carried out, rather than being itself a process or disposition. (Verified against the CCO release in use: the relevant ICE subclass is 'Prescriptive Information Content Entity'; CCO contains no 'Directive Information Content Entity'.)",exact,sosa:Procedure,Sheet1,15,urn:uuid:ece2ea89-fff4-4cc1-9697-030c0a733353,active,rdfs:subClassOf,cco:DirectiveInformationContentEntity and (cco:prescribes some bfo:Process),,human decision required,,
16,Common Classes,sosa:Property,identifiable quality of features of interest that can be observed or acted upon,Decision needed (default in place),equivalentTo (bfo:SpecificallyDependentContinuant or bfo:ProcessProfile),sosa:Property owl:equivalentClass [ a owl:Class ; owl:unionOf ( obo:BFO_0000020 obo:BFO_0000144 ) ] .,sosa:Property is modeled as the union of bfo:SpecificallyDependentContinuant and bfo:ProcessProfile in order to accommodate both intrinsic qualities that inhere in independent continuants and temporal properties that are process profiles of occurrents within a single SOSA abstraction.,exact,sosa:Property,Sheet1,16,urn:uuid:3feb0ec5-269e-41b4-865f-ca9437affcb2,active,owl:equivalentClass,(bfo:SpecificallyDependentContinuant or bfo:ProcessProfile),,human decision required,,
17,Common Classes,sosa:Sample,piece or subset that is intended to be representative of a FeatureOfInterest,OK as-is,subClassOf bfo:Continuant and (sosa:isSampleOf some sosa:FeatureOfInterest),sosa:Sample rdfs:subClassOf [ a owl:Class ; owl:intersectionOf ( obo:BFO_0000002 [ a owl:Restriction ; owl:onProperty sosa:isSampleOf ; owl:someValuesFrom sosa:FeatureOfInterest ] ) ] .,"sosa:Sample is defined as a bfo:Continuant because all sample subclasses — sosa:MaterialSample, sosa:SpatialSample, and sosa:StatisticalSample — are continuants, and sosa:SampleCollection uses bfo:has_continuant_part whose domain is bfo:Continuant. SOSA 2023 removed the earlier subClassOf bfo:MaterialEntity to allow non-material samples, but all samples remain continuants. The relational restriction on sosa:isSampleOf captures that every sample must be a sample of at least one sosa:FeatureOfInterest.",exact,sosa:Sample,Sheet1,17,urn:uuid:28402605-2ad7-4768-bd45-5aa87d293a5c,active,rdfs:subClassOf,bfo:Continuant and (sosa:isSampleOf some sosa:FeatureOfInterest),,verify existing active mapping against external correction,already_represented,"The governed COMS axiom has the same BFO/CCO direction and logical strength as the external corrected axiom. Source-native declarations, domains, ranges, inverses, restrictions, labels, and comments do not require an additional COMS axiom."
18,Common Classes,sosa:SampleCollection,set of one or more Samples or SampleCollections; collections may be nested.,Decision needed (default in place),subClassOf bfo:ObjectAggregate and (bfo:has_member_part some (sosa:Sample or sosa:SampleCollection)),"sosa:SampleCollection rdfs:subClassOf obo:BFO_0000002 , [ a owl:Restriction ; owl:onProperty obo:BFO_0000178 ; owl:someValuesFrom [ a owl:Class ; owl:unionOf ( sosa:Sample sosa:SampleCollection ) ] ] ; rdfs:comment ""Retyped from bfo:ObjectAggregate + has_member_part (both material) to bfo:Continuant + has_continuant_part: SOSA 2023 de-materialised sosa:Sample, and has_member_part (material to material) would re-impose materiality on member samples and drive any immaterial (e.g. spatial) sample to owl:Nothing. See Decisions needed.""@en .","SampleCollection is the only *Collection class in SOSA whose members are continuants rather than occurrents, and it is therefore modeled as a bfo:ObjectAggregate rather than a bfo:Process. Samples are physical (or spatial, or statistical) subsets of features of interest — they are things, not happenings — so aggregating them yields an object aggregate in BFO's sense. The parthood uses bfo:has_member_part (a specialization of bfo:has_continuant_part specifically for member-parthood of ObjectAggregates) rather than plain has_continuant_part, because this more precisely captures that Samples are member-objects of the aggregate rather than arbitrary spatial or fiat parts of a larger continuant. The four process-flavored collections use plain bfo:has_occurrent_part because BFO 2020 does not provide a parallel ""member occurrent part"" construct for processes. Note especially the contrast with sosa:SamplingCollection, which is a collection of sampling events (occurrents) and is therefore a bfo:Process — the distinction between ""a collection of sampling acts"" and ""a collection of the samples those acts produced"" is ontologically significant and is carried by this occurrent/continuant split. The axiom uses only a some-restriction on bfo:has_member_part and deliberately omits an only-restriction. Even though bfo:has_member_part is narrower than plain continuant parthood, an only-restriction is still risky here because member-parthood interacts with the continuant-parthood hierarchy, and a Sample has its own continuant parts (mineral grains in a rock sample, cells in a blood sample) that should not be forced to be Samples themselves. The homogeneity of direct collection members is enforced by the SHACL shape on sosa:hasMember (see Common OPs: sosa:hasMember). Note the terminological distinction: ""SOSA member"" refers to the sosa:hasMember relation; ""BFO member-part"" is the mereological relation between an ObjectAggregate and its member-objects. These two concepts are intentionally decoupled. The parthood of at least one member is asserted at the class level rather than through sosa:hasMember, because sosa:hasMember carries no parthood sub-property assertion (see Common OPs: sosa:hasMember). This row and the hasMember row work as a pair: the class carries the BFO parthood entailment where it is well-defined, the property carries the uniform SOSA collection-membership semantics, and SHACL shapes on hasMember validate member types per collection class.",exact,sosa:SampleCollection,Sheet1,18,urn:uuid:83717e9f-ddd3-4f3e-8479-01838d8a654d,active,rdfs:subClassOf,bfo:ObjectAggregate and (bfo:has_member_part some (sosa:Sample or sosa:SampleCollection)),,human decision required,,
19,Common Classes,sosa:Sampler,System that implements a SamplingProcedure to generate a Sample,Syntactic repair,"equivalentTo bfo:MaterialEntity
    and (bfo:bearer_of some
         (bfo:RealizableEntity and (bfo:realizes some sosa:Sampling)))
    and (cco:agent_in some sosa:Sampling)","sosa:Sampler owl:equivalentClass [ a owl:Class ; owl:intersectionOf ( obo:BFO_0000040 [ a owl:Restriction ; owl:onProperty obo:BFO_0000196 ; owl:someValuesFrom [ a owl:Class ; owl:intersectionOf ( obo:BFO_0000017 [ a owl:Restriction ; owl:onProperty obo:BFO_0000054 ; owl:someValuesFrom sosa:Sampling ] ) ] ] [ a owl:Restriction ; owl:onProperty cco:ont00001787 ; owl:someValuesFrom sosa:Sampling ] ) ] ; rdfs:comment ""Fixed realization direction (obo:BFO_0000054 realized-in, not obo:BFO_0000055 realizes); the workbook's filler was realizable-and-process = owl:Nothing, making every Sampler inconsistent. Equivalence and episodic conjuncts retained per the workbook; see Decisions needed for the dispositional reading.""@en .",sosa:Sampler is modeled analogously to sosa:Sensor and sosa:Actuator as a bfo:MaterialEntity bearing a bfo:RealizableEntity realized in a sampling process and functioning as an agent. The equivalentTo axiom captures that these conditions are both necessary and sufficient for being a sampler.,exact,sosa:Sampler,Sheet1,19,urn:uuid:d1d3c5cb-a3a5-4305-81b6-ed991ec62067,active,owl:equivalentClass,bfo:MaterialEntity and (bfo:bearer_of some (bfo:RealizableEntity and (bfo:has_realization some sosa:Sampling))) and (cco:agent_in some sosa:Sampling),,substantive review — proposed equivalence conflicts with prior project decision,,
20,Common Classes,sosa:Sampling,act of carrying out a SamplingProcedure using a Sampler to create one or more Samples of a FeatureOfInterest,OK as-is,equivalentTo cco:PlannedAct and (cco:prescribed_by some sosa:Procedure) and (cco:has_output some sosa:Sample),sosa:Sampling owl:equivalentClass [ a owl:Class ; owl:intersectionOf ( cco:ont00000228 [ a owl:Restriction ; owl:onProperty cco:ont00001920 ; owl:someValuesFrom sosa:Procedure ] [ a owl:Restriction ; owl:onProperty cco:ont00001986 ; owl:someValuesFrom sosa:Sample ] ) ] .,sosa:Sampling is modeled as a cco:PlannedAct because it is intentionally carried out according to a procedure to create or transform samples. The equivalentTo axiom captures that being prescribed by a procedure and producing a sample as output is both necessary and sufficient for being a sampling.,exact,sosa:Sampling,Sheet1,20,urn:uuid:f1852962-6094-4096-b9e5-45b2c81bc66b,active,owl:equivalentClass,cco:PlannedAct and (cco:prescribed_by some sosa:Procedure) and (cco:has_output some sosa:Sample),,verify existing active mapping against external correction,already_represented,"The governed COMS axiom has the same BFO/CCO direction and logical strength as the external corrected axiom. Source-native declarations, domains, ranges, inverses, restrictions, labels, and comments do not require an additional COMS axiom."
21,Common Classes,sosa:SamplingCollection,set of one or more Samplings or SamplingCollections; collections may be nested,OK as-is,subClassOf bfo:Process and (bfo:has_occurrent_part some (sosa:Sampling or sosa:SamplingCollection)),sosa:SamplingCollection rdfs:subClassOf [ a owl:Class ; owl:intersectionOf ( obo:BFO_0000015 [ a owl:Restriction ; owl:onProperty obo:BFO_0000117 ; owl:someValuesFrom [ a owl:Class ; owl:unionOf ( sosa:Sampling sosa:SamplingCollection ) ] ] ) ] .,"SamplingCollection is modeled as a bfo:Process because a SamplingCollection is itself an occurrent that takes place over the time span of its member Samplings and shares the process nature of its members. Note the asymmetry with sosa:SampleCollection, which is a continuant aggregate (bfo:ObjectAggregate) because its members are Samples rather than acts of Sampling — the distinction between ""a collection of sampling events"" (occurrent) and ""a collection of the physical samples those events produced"" (continuant) is carried by this split. The axiom uses only a some-restriction on bfo:has_occurrent_part and deliberately omits an only-restriction. An only-restriction would be incorrect here because bfo:has_occurrent_part is transitive and ranges over all occurrent parts at any depth, including the internal sub-processes of the member Samplings themselves. Asserting bfo:has_occurrent_part only sosa:Sampling on the collection would force every internal sub-process of every member to also be a sosa:Sampling, which is wrong. The homogeneity of direct collection members is a constraint on direct sosa:hasMember edges, not on deep BFO occurrent parthood, and is enforced by the SHACL shape on sosa:hasMember (see Common OPs: sosa:hasMember). Note the terminological distinction: ""SOSA member"" refers to the sosa:hasMember relation; ""BFO occurrent part"" is the mereological relation that holds transitively. These are intentionally decoupled. The parthood of at least one member is asserted at the class level rather than through sosa:hasMember, because sosa:hasMember carries no parthood sub-property assertion (see Common OPs: sosa:hasMember). This row and the hasMember row work as a pair.",exact,sosa:SamplingCollection,Sheet1,21,urn:uuid:d4704d0a-a8cb-4ca0-a2a0-aa194de1ae21,active,rdfs:subClassOf,bfo:Process and (bfo:has_occurrent_part some (sosa:Sampling or sosa:SamplingCollection)),,verify existing active mapping against external correction,already_represented,"The governed COMS axiom has the same BFO/CCO direction and logical strength as the external corrected axiom. Source-native declarations, domains, ranges, inverses, restrictions, labels, and comments do not require an additional COMS axiom."
22,Common Classes,sosa:SamplingProcedure,"workflow, protocol, plan, algorithm, or computational method specifying how to make a Sampling",Decision needed (default in place),subClassOf sosa:Procedure and (cco:prescribes some sosa:Sampling),"sosa:SamplingProcedure rdfs:subClassOf sosa:Procedure , [ a owl:Restriction ; owl:onProperty cco:ont00001942 ; owl:allValuesFrom sosa:Sampling ] ; rdfs:comment ""A Procedure all of whose prescribed acts are Samplings (allValuesFrom). See Decisions needed (Procedure family).""@en .",sosa:SamplingProcedure is a subclass of sosa:Procedure because it is a prescriptive information content entity that specifies how a sampling is to be carried out. The existential restriction on cco:prescribes distinguishes it from sosa:ActuatingProcedure and sosa:ObservingProcedure.,exact,sosa:SamplingProcedure,Sheet1,22,urn:uuid:7dab14b2-c0ff-438e-bad2-074c25736c4d,active,rdfs:subClassOf,sosa:Procedure and (cco:prescribes some sosa:Sampling),,human decision required,,
23,Common Classes,sosa:Sensor,System that implements an ObservingProcedure to determine the value of an observable Property,Syntactic repair,equivalentTo cco:Sensor [ = bfo:MaterialEntity and (bfo:bearer_of some (cco:'Sensor Function' or cco:'Sensor Role')) ],"sosa:Sensor owl:equivalentClass cco:ont00000569 ; rdfs:comment ""Equivalence to cco:Sensor retained per the accepted issue-429 position (the witness-test argument). The workbook cell's bracketed gloss '[ = bfo:MaterialEntity and (bearer_of some (Sensor Function or Sensor Role)) ]' is not OWL syntax and is not emitted; that expansion is CCO's to supply. Note: as of CCO 2.2 cco:Sensor (ont00000569) is defined as 'A Material Entity that bears a Sensor Function or Sensor Role' (Sensor Function ont00001241, Sensor Role ont00002073), matching the issue-429 reading; the residual caveat is that a non-material software or simulation sensor still falls outside a Material-Entity cco:Sensor.""@en .","Updated from subClassOf to equivalentTo, aligned with cco:Sensor (ont00000569) in the latest CCO release, which defines Sensor as exactly a Material Entity bearing a Sensor Function or Sensor Role. SOSA's Sensor is a material entity bearing a realizable that is realized in, and acts as the agent of, an Observation. Those conditions coincide - bearing a Sensor Function/Role is what it is to be realized as the sensing agent - so full equivalence holds rather than a one-way subclass. This also settles the earlier open question in CCO's favor: the dispositional reading (bears the realizable, even if never used) is canonical, so unused sensors count as sensors on both sides.",exact,sosa:Sensor,Sheet1,23,urn:uuid:5c81ebfe-53f9-4173-a1c6-b1ee9986a660,deferred,,,"Mapping deferred pending either the next CCO release or publication of the forthcoming SOSA 2023 Edition, because the required target category or alignment basis is not yet sufficiently stable.",defer — resolve equivalence against the exact target CCO version,,
24,Common Classes,sosa:SpatialSample,subset of a FeatureOfInterest defined by its location and shape in space,Semantic redesign,subClassOf sosa:Sample and (sosa:isSampleOf some (bfo:Entity and (bfo:occupies_spatial_region some bfo:SpatialRegion))),"sosa:SpatialSample rdfs:subClassOf [ a owl:Class ; owl:intersectionOf ( sosa:Sample [ a owl:Restriction ; owl:onProperty cco:ont00001816 ; owl:someValuesFrom [ a owl:Class ; owl:intersectionOf ( sosa:Sampling [ a owl:Restriction ; owl:onProperty sosa:hasFeatureOfInterest ; owl:someValuesFrom [ a owl:Restriction ; owl:onProperty obo:BFO_0000210 ; owl:someValuesFrom obo:BFO_0000006 ] ] ) ] ] ) ] ; rdfs:comment ""A Sample whose Sampling's FeatureOfInterest occupies a spatial region; modelled as a Sample, not as a spatial region itself (so it does not clash with the material samples in a collection).""@en .","sosa:SpatialSample is a subclass of sosa:Sample whose feature of interest is defined by spatial extent. The restriction on bfo:occupies_spatial_region captures that the sampled entity must occupy some spatial region, distinguishing spatially-defined samples from statistical or material ones.",exact,sosa:SpatialSample,Sheet1,24,urn:uuid:2fd520df-df1a-43e4-935c-7ec033548d73,active,rdfs:subClassOf,sosa:Sample and (sosa:isSampleOf some (bfo:Entity and (bfo:occupies_spatial_region some bfo:SpatialRegion))),,substantive reconciliation required,,
25,Common Classes,sosa:StatisticalSample,subset of a FeatureOfInterest defined by the statistical process used to create it,OK as-is,subClassOf sosa:Sample and (cco:is_output_of some (sosa:Sampling and (cco:prescribed_by some sosa:SamplingProcedure))),sosa:StatisticalSample rdfs:subClassOf [ a owl:Class ; owl:intersectionOf ( sosa:Sample [ a owl:Restriction ; owl:onProperty cco:ont00001816 ; owl:someValuesFrom [ a owl:Class ; owl:intersectionOf ( sosa:Sampling [ a owl:Restriction ; owl:onProperty cco:ont00001920 ; owl:someValuesFrom sosa:SamplingProcedure ] ) ] ] ) ] .,"sosa:StatisticalSample is a subclass of sosa:Sample defined by its origin in a statistically-prescribed sampling process. The nested restriction captures that the sampling must itself be prescribed by a sosa:SamplingProcedure, grounding the statistical character of the sample in the procedure rather than in the sample itself.",exact,sosa:StatisticalSample,Sheet1,25,urn:uuid:eef0b2ee-fc06-409d-b5b9-22f2cbdce3fb,active,rdfs:subClassOf,sosa:Sample and (cco:is_output_of some (sosa:Sampling and (cco:prescribed_by some sosa:SamplingProcedure))),,verify existing active mapping against external correction,already_represented,"The governed COMS axiom has the same BFO/CCO direction and logical strength as the external corrected axiom. Source-native declarations, domains, ranges, inverses, restrictions, labels, and comments do not require an additional COMS axiom."
26,Common Classes,sosa:Stimulus,event in the real world that triggers a Sensor,Syntactic repair,equivalentTo cco:Cause and (cco:is_cause_of some sosa:Observation),"sosa:Stimulus owl:equivalentClass [ a owl:Class ; owl:intersectionOf ( cco:ont00000978 [ a owl:Restriction ; owl:onProperty cco:ont00001803 ; owl:someValuesFrom sosa:Observation ] ) ] ; rdfs:comment ""Equivalence retained, matching the workbook and the published BFO-Mappings release: a Cause that is the cause of some Observation. (A one-way subclass would avoid the mild over-capture whereby any causing process is classified a Stimulus, but the equivalence is the source's stated intent and is satisfiable.)""@en .",sosa:Stimulus is modeled as a cco:Cause — an occurrent whose domain and range are both bfo:Occurrent — because a stimulus is an event or happening that causally contributes to an observation. The equivalentTo axiom captures that being a cause of at least one observation is both necessary and sufficient for being a stimulus.,exact,sosa:Stimulus,Sheet1,26,urn:uuid:2a1ddfd2-c95f-4d25-acd8-8856ef4166b5,active,owl:equivalentClass,cco:Cause and (cco:is_cause_of some sosa:Observation),,compare and adapt only after IRI/version verification,,
27,Common Classes,sosa:System,An Asset that implements a Procedure in the context of an Execution,OK as-is,equivalentTo bfo:MaterialEntity and (sosa:implements some sosa:Procedure),sosa:System owl:equivalentClass [ a owl:Class ; owl:intersectionOf ( obo:BFO_0000040 [ a owl:Restriction ; owl:onProperty sosa:implements ; owl:someValuesFrom sosa:Procedure ] ) ] .,"sosa:System is modeled as a bfo:MaterialEntity defined by its capability to implement procedures. The equivalentTo axiom captures that being a material entity that implements at least one procedure is both necessary and sufficient for being a system, reflecting the functional rather than structural definition in SOSA.",exact,sosa:System,Sheet1,27,urn:uuid:73ddfafa-1d1f-4c25-a89a-0b8f04ba4940,active,owl:equivalentClass,bfo:MaterialEntity and (sosa:implements some sosa:Procedure),,verify existing active mapping against external correction,already_represented,The System class axiom itself already matches the external cross-ontology commitment. Its use of sosa:implements remains dependency-sensitive to the separately validated adaptation of that relation's property chain.
28,Common OPs,sosa:actsOn,relation from an Actuator to a Property whose state may be changed by using it,Not DL-expressible,subPropertyOf bfo:has_participant,"sosa:actsOn a owl:ObjectProperty ; rdfs:domain sosa:Actuator ; rdfs:range sosa:Property ; rdfs:comment ""Capability-level relation (an Actuator is capable of acting on a Property). No BFO/CCO participation super-property is asserted (it would type every Actuator as a process); the occurrence-level reading is carried in the RO mapping and may be validated by SHACL.""@en .",sosa:actsOn is a capability-level relation between a sosa:Actuator and a sosa:Property. It is marked difficult because it relates a continuant (sosa:Actuator) to a specifically dependent continuant (sosa:Property) at the type level rather than through a specific process. bfo:has_participant is the best available upper mapping but does not fully capture the capability framing.,exact,sosa:actsOn,Sheet2,12,urn:uuid:96f8d18b-0491-41a4-b0d6-d7dde067b2e3,active,rdfs:subPropertyOf,bfo:has_participant,,do not adopt directly in OWL; assess annotation/SHACL/rule,deactivate,"The source relation has an Actuator subject, whereas bfo:has_participant has a process domain. The current subproperty axiom can therefore classify an actuator as a process."
29,Common OPs,sosa:actsOnProperty,relation from an Actuation to the Property it acted upon,Semantic redesign,subPropertyOf cco:affects,"sosa:actsOnProperty a owl:ObjectProperty ; rdfs:domain [ a owl:Class ; owl:unionOf ( sosa:Actuation sosa:ActuationCollection ) ] ; rdfs:range sosa:Property ; rdfs:comment ""The workbook maps this under CCO affects, but affects has a continuant range, so an actuation acting on a ProcessProfile-branch Property (a rate or pattern — a legitimate actuation target) would be typed Continuant and Occurrent at once and the ontology would be inconsistent on that assertion. The super is therefore not asserted (the same treatment as sosa:observedProperty); the causal-affect reading is carried in the RO/annotation layer. This also removes the branch-dependence noted under Decisions needed.""@en .","sosa:actsOnProperty maps to cco:affects because an actuation acting on a property constitutes a causal influence on that property — the actuation makes a difference to the property's state, which is precisely what cco:affects captures.",exact,sosa:actsOnProperty,Sheet2,13,urn:uuid:27ce3724-23eb-4a3d-b2a1-e2615a139a81,active,rdfs:subPropertyOf,cco:affects,,substantive reconciliation required,deactivate,"cco:affects has a continuant range, whereas sosa:Property includes the ProcessProfile branch. The current mapping can therefore impose continuant typing on an occurrent property."
30,Common OPs,sosa:deployedAsset,relation from a Deployment to an Asset (System or Platform),OK as-is,"sosa:deployedAsset rdfs:domain sosa:Deployment .
sosa:deployedAsset rdfs:range [ a owl:Class ; owl:unionOf ( sosa:System sosa:Platform ) ] .
sosa:deployedAsset rdfs:subPropertyOf bfo:has_participant .","sosa:deployedAsset rdfs:domain sosa:Deployment .
sosa:deployedAsset rdfs:range [ a owl:Class ; owl:unionOf ( sosa:System sosa:Platform ) ] .
sosa:deployedAsset rdfs:subPropertyOf obo:BFO_0000057 .","sosa:deployedAsset maps to bfo:has_participant because the deployed entity participates in the deployment process. The range restriction to sosa:System or sosa:Platform replaces the opaque term ""asset"" with the actual types that can be deployed.",exact,sosa:deployedAsset,Sheet2,14,urn:uuid:5d5f0473-515b-4ef3-b5d3-33e3027e7661,active,rdfs:subPropertyOf,bfo:has_participant,,verify existing active mapping against external correction,already_represented,"The governed COMS axiom has the same BFO/CCO direction and logical strength as the external corrected axiom. Source-native declarations, domains, ranges, inverses, restrictions, labels, and comments do not require an additional COMS axiom."
31,Common OPs,sosa:deployedOnPlatform,relation from a Deployment to a Platform on which Systems are hosted,OK as-is,"sosa:deployedOnPlatform rdfs:domain sosa:Deployment .
sosa:deployedOnPlatform rdfs:range sosa:Platform .
sosa:deployedOnPlatform rdfs:subPropertyOf bfo:has_participant .","sosa:deployedOnPlatform rdfs:domain sosa:Deployment .
sosa:deployedOnPlatform rdfs:range sosa:Platform .
sosa:deployedOnPlatform rdfs:subPropertyOf obo:BFO_0000057 .",sosa:deployedOnPlatform maps to bfo:has_participant because the platform participates in the deployment process as the entity on which systems are installed or hosted.,exact,sosa:deployedOnPlatform,Sheet2,15,urn:uuid:55243300-5a36-4342-a089-79ec19b4574f,active,rdfs:subPropertyOf,bfo:has_participant,,verify existing active mapping against external correction,already_represented,"The governed COMS axiom has the same BFO/CCO direction and logical strength as the external corrected axiom. Source-native declarations, domains, ranges, inverses, restrictions, labels, and comments do not require an additional COMS axiom."
32,Common OPs,sosa:deployedSystem,relation from a Deployment to a deployed System,OK as-is,"sosa:deployedSystem rdfs:domain sosa:Deployment .
sosa:deployedSystem rdfs:range sosa:System .
sosa:deployedSystem rdfs:subPropertyOf bfo:has_participant .","sosa:deployedSystem rdfs:domain sosa:Deployment .
sosa:deployedSystem rdfs:range sosa:System .
sosa:deployedSystem rdfs:subPropertyOf obo:BFO_0000057 .",sosa:deployedSystem maps to bfo:has_participant because the deployed system participates in the deployment process as the primary entity being positioned or installed.,exact,sosa:deployedSystem,Sheet2,16,urn:uuid:0e7d7994-e6c4-4b2c-84e4-d91c8ec01255,active,rdfs:subPropertyOf,bfo:has_participant,,verify existing active mapping against external correction,already_represented,"The governed COMS axiom has the same BFO/CCO direction and logical strength as the external corrected axiom. Source-native declarations, domains, ranges, inverses, restrictions, labels, and comments do not require an additional COMS axiom."
33,Common OPs,sosa:detects,relation from a Sensor to the Stimulus that it detects,OK as-is,"sosa:detects rdfs:domain sosa:Sensor .
sosa:detects rdfs:range sosa:Stimulus .
sosa:detects rdfs:subPropertyOf cco:is_affected_by .","sosa:detects rdfs:domain sosa:Sensor .
sosa:detects rdfs:range sosa:Stimulus .
sosa:detects rdfs:subPropertyOf cco:ont00001886 .","sosa:detects maps to cco:is_affected_by because detection minimally requires that the stimulus makes a causal difference to the sensor. The stimulus affects the sensor's state, triggering a response, which is precisely what cco:is_affected_by captures.",exact,sosa:detects,Sheet2,17,urn:uuid:2d000038-5519-467a-8332-77ff24b2059e,active,rdfs:subPropertyOf,cco:is_affected_by,,verify existing active mapping against external correction,already_represented,"The governed COMS axiom has the same BFO/CCO direction and logical strength as the external corrected axiom. Source-native declarations, domains, ranges, inverses, restrictions, labels, and comments do not require an additional COMS axiom."
34,Common OPs,sosa:featureHasUltimateSample,"relation from an ultimate FeatureOfInterest to a Sample or SampleCollection that is intended to be representative of it; i.e., the end of a chain of hasSample relations",Not DL-expressible,subPropertyOf cco:is_output_of,"sosa:featureHasUltimateSample a owl:ObjectProperty ; rdfs:domain sosa:FeatureOfInterest ; rdfs:range [ a owl:Class ; owl:unionOf ( sosa:Sample sosa:SampleCollection ) ] ; rdfs:comment ""The workbook super cco:is_output_of (is-output-of, continuant to process) clashes: an ultimate Sample is not an output of the FeatureOfInterest but of a Sampling process. The output relation is dropped; the sample-is-output-of-a-sampling reading lives on sosa:Sample (is_output_of some Sampling) and in SHACL.""@en .",sosa:featureHasUltimateSample is marked difficult because the terminal sample is not literally an output of the feature of interest — it is an output of a sosa:Sampling process. cco:is_output_of is the best available upper mapping but requires the chain to be traced through the sampling processes rather than asserted directly.,exact,sosa:featureHasUltimateSample,Sheet2,18,urn:uuid:d53ed4f5-2351-416f-b104-b0bb251bf394,active,rdfs:subPropertyOf,cco:is_output_of,,do not adopt directly in OWL; assess annotation/SHACL/rule,,
35,Common OPs,sosa:forProperty,relation from some Procedure or System to a Property it acts on or observes,Semantic redesign,"sosa:forProperty rdfs:range sosa:Property .
sosa:forProperty rdfs:domain [ a owl:Class ; owl:unionOf ( bfo:SpecificallyDependentContinuant bfo:Function bfo:ProcessProfile cco:InformationContentEntity ) ] .
[ a owl:ObjectProperty ; owl:propertyChainAxiom ( cco:described_by cco:is_about ) ] rdfs:subPropertyOf sosa:forProperty .","sosa:forProperty a owl:ObjectProperty ; rdfs:range sosa:Property ; rdfs:comment ""No rdfs:domain is asserted: native sosa:actsOn and sosa:observes are sub-properties of sosa:forProperty with material-entity subjects (Actuator, Sensor), so any continuant/ICE domain union would drive those sub-properties to unsatisfiability. The published BFO-Mappings release asserts the aboutness chain described-by o is-about as a named property chain here; that was tried and REVERTED, because in the merge with current CCO (2.2) described-by is a sub-property of the inverse of is-about, so 'proc described-by ice' fires the chain reflexively to give 'proc forProperty proc', and the native SOSA axiom 'Procedure forProperty only Property' then forces the procedure (an information content entity) to be a Property, which is inconsistent for any documented procedure. The aboutness reading is carried in the RO/annotation layer instead.""@en .","sosa:forProperty captures a specification or definition relationship between a procedure, system, or execution and a property. The property chain via cco:described_by and cco:is_about allows information content entities to inherit this relationship through their aboutness.",exact,sosa:forProperty,Sheet2,19,urn:uuid:58a661aa-3d05-4fe8-9146-4ed38f9bc29c,active,owl:propertyChainAxiom,cco:described_by o cco:is_about,,substantive reconciliation required,deactivate,"The chain cco:described_by o cco:is_about captures an entity being described by information that is about a property. It does not establish that the entity acts on or observes that property, which is the intended meaning of sosa:forProperty. This semantic mismatch applies regardless of the CCO version."
36,Common OPs,sosa:hasDeployment,relation from an Asset (System or Platform) to a Deployment,OK as-is,"sosa:hasDeployment owl:inverseOf sosa:deployedAsset .
sosa:hasDeployment rdfs:subPropertyOf bfo:participates_in .","sosa:hasDeployment owl:inverseOf sosa:deployedAsset .
sosa:hasDeployment rdfs:subPropertyOf obo:BFO_0000056 .",sosa:hasDeployment is the inverse of sosa:deployedAsset. It maps to bfo:participates_in because the system or platform participates in the deployment process.,exact,sosa:hasDeployment,Sheet2,20,urn:uuid:ab8c2d57-82be-4344-9af8-74521d8d5568,active,rdfs:subPropertyOf,cco:is_output_of,,verify existing active mapping against external correction,adapt,"Replace the current cco:is_output_of superproperty with bfo:participates_in. The source relation is inverse to sosa:deployedAsset, whose governed mapping is under bfo:has_participant; participates_in is the corresponding inverse direction."
37,Common OPs,sosa:hasFeatureOfInterest,relation from an Execution or Deployment to its subject entity,Semantic redesign,"sosa:hasFeatureOfInterest rdfs:domain [ a owl:Class ; owl:unionOf ( sosa:Execution sosa:Deployment ) ] .
sosa:hasFeatureOfInterest rdfs:range sosa:FeatureOfInterest .","sosa:hasFeatureOfInterest a owl:ObjectProperty ; rdfs:domain [ a owl:Class ; owl:unionOf ( sosa:Execution sosa:ExecutionCollection sosa:Deployment ) ] ; rdfs:range sosa:FeatureOfInterest ; rdfs:comment ""Domain widened to include ExecutionCollection (native schema:domainIncludes and the workbook's own OperatingConditions design require the collection case).""@en .","sosa:hasFeatureOfInterest is left as a standalone relation rather than a subproperty of cco:has_input. cco:has_input restricts its range to continuants (specifically dependent continuants, generically dependent continuants, and independent continuants that are not spatial regions) and excludes occurrents and spatial regions. That conflicts with SOSA, which lets a feature of interest be any bfo:Entity. Dropping the subPropertyOf cco:has_input axiom keeps the FOI range fully general.",exact,sosa:hasFeatureOfInterest,Sheet2,21,urn:uuid:b1cd2525-4abc-46cd-bd1f-9f821161853a,explicitly_unmapped,,,,substantive reconciliation required,,
38,Common OPs,sosa:hasInput,relation from a Procedure to an input required for its execution,Semantic redesign,"sosa:hasInput rdfs:domain sosa:Procedure .
sosa:hasInput rdfs:subPropertyOf cco:has_input .","sosa:hasInput a owl:ObjectProperty ; rdfs:domain sosa:Procedure ; rdfs:range cco:ont00000958 ; rdfs:comment ""Super cco:has_input (has-input, domain process) dropped: sosa:Procedure maps to a Prescriptive ICE (continuant), so the process domain made every use unsatisfiable. The richer 'prescribes o has_input' chain is NOT adopted: sosa:hasInput is owl:equivalentProperty the deprecated ssn:hasInput, which sits under an inverse-minCardinality restriction on ssn:Input; a chain would make the property non-simple and break the OWL 2 DL simple-property discipline (Structural Spec 11.2). The procedure-to-execution input reading is recorded in annotation/RO.""@en .",sosa:hasInput maps to cco:has_input because both relations connect a prescriptive entity (procedure) to the information it requires for execution.,exact,sosa:hasInput,Sheet2,22,urn:uuid:5c8026fc-c9ae-4fad-acdd-f722c23e960c,active,rdfs:subPropertyOf,cco:has_input,,substantive reconciliation required,,
39,Common OPs,sosa:hasInputValue,assigns a value to an input defined by the Procedure that is used in an Execution,Semantic redesign,"sosa:hasInputValue rdfs:domain sosa:Execution .
sosa:hasInputValue rdfs:subPropertyOf cco:has_input .","sosa:hasInputValue a owl:ObjectProperty ; rdfs:domain sosa:Execution ; rdfs:range cco:ont00000958 ; rdfs:comment ""Domain corrected to sosa:Execution (an input value is supplied to an execution, not to the procedure). No process-domain CCO super asserted.""@en .",sosa:hasInputValue maps to cco:has_input because it connects an execution to an information content entity that serves as an input value. It is distinct from sosa:hasInput in that it applies to executions (not procedures) and assigns a concrete value rather than specifying a required input type.,exact,sosa:hasInputValue,Sheet2,23,urn:uuid:a3919577-239e-493a-a137-1c7ec09b72ce,active,rdfs:subPropertyOf,cco:has_input,,substantive reconciliation required,,
40,Common OPs,sosa:hasMember,link from a Collection to an Execution or Sample or Collection of these that is part of it,Syntactic repair,rdf:type owl:ObjectProperty .,"sosa:hasMember a owl:ObjectProperty ; rdfs:comment ""Bare object property with no BFO parthood super, per the workbook's stated design (collection membership is not BFO parthood; the disjoint continuant/occurrent parthood relations cannot both be supers). Member-type homogeneity is validated in the SHACL layer.""@en .","sosa:hasMember is declared as a bare object property with no BFO parthood sub-property assertion. The parthood semantics of collection membership are carried at the class level on each Collection class rather than on this property, because BFO 2020's continuant and occurrent parthood relations have disjoint domains and a single uniform member-relation cannot be a sub-property of both without rendering its arguments unsatisfiable. OWL 2 DL provides no disjunctive or domain-conditional sub-property construct that would let one property route to has_occurrent_part when the collection is process-flavored and to has_continuant_part (or has_member_part) when the collection is a SampleCollection. By declining to commit hasMember to any parthood reading, the property remains usable uniformly across all five SOSA collection types without forcing contradictory BFO classification on its arguments. This also honors the spec's own framing: SOSA 2023 §5.3.6 uses set-membership language for collections, and the OMS and OBOE alignment modules gloss hasMember as collection membership rather than parthood, so the non-parthood reading matches upstream intent. SHACL shapes on each Collection class (see SHACL column) validate that members are of the correct type per collection, which restores the integrity checking that the dropped sub-property axioms would have provided, without the unsatisfiability. A downstream profile that wants a generic part-whole reading of hasMember can override this row by asserting a custom parthood sub-property axiom scoped to its own collection classes.",exact,sosa:hasMember,Sheet2,24,urn:uuid:cfed9d6b-3051-4a3b-824d-14cd3feda5b2,explicitly_unmapped,,,,compare and adapt only after IRI/version verification,,
41,Common OPs,sosa:hasOriginalSample,relation from a Sample or SampleCollection to the initial Sample collected from the ultimate FeatureOfInterest,Not DL-expressible,subPropertyOf cco:is_output_of,"sosa:hasOriginalSample a owl:ObjectProperty ; rdfs:domain sosa:Sample ; rdfs:range sosa:Sample ; rdfs:comment ""Super cco:is_output_of dropped (a Sample is not an output of another Sample); the output-of-a-Sampling reading is carried on sosa:Sample and SHACL.""@en .",sosa:hasOriginalSample is marked difficult because the original sample is not an output of the sample or sample collection — it is an output of the original sosa:Sampling process. cco:is_output_of is the best available upper mapping but requires the provenance chain to be traced through the sampling process rather than asserted directly.,exact,sosa:hasOriginalSample,Sheet2,25,urn:uuid:772bd41b-1347-4b8d-a922-5cb5bb1ed716,active,rdfs:subPropertyOf,cco:is_output_of,,do not adopt directly in OWL; assess annotation/SHACL/rule,,
42,Common OPs,sosa:hasOutput,relation from a Procedure to an output of its execution,Semantic redesign,"sosa:hasOutput rdfs:domain sosa:Procedure .
sosa:hasOutput rdfs:subPropertyOf cco:has_output .","sosa:hasOutput a owl:ObjectProperty ; rdfs:domain sosa:Procedure ; rdfs:range cco:ont00000958 ; rdfs:comment ""Super cco:has_output dropped (process domain vs continuant Procedure). Kept simple: owl:equivalentProperty ssn:hasOutput carries an inverse-minCardinality restriction on ssn:Output, so a chain redesign would violate the simple-property discipline (Structural Spec 11.2).""@en .",sosa:hasOutput maps to cco:has_output because both relations connect a prescriptive entity (procedure) to information produced by executing what it prescribes.,exact,sosa:hasOutput,Sheet2,26,urn:uuid:4f0b0675-329c-4588-9a51-c99793670972,active,rdfs:subPropertyOf,cco:is_output_of,,substantive reconciliation required,,
43,Common OPs,sosa:hasProcedure,relation from a Property to a Procedure that can observe or act on it,OK as-is,sosa:hasProcedure owl:inverseOf sosa:isProcedureFor .,sosa:hasProcedure owl:inverseOf sosa:isProcedureFor .,sosa:hasProcedure is defined as the inverse of sosa:isProcedureFor. No further subproperty axiom is given because the relationship between a property and the procedure that targets it is not straightforwardly captured by standard BFO or CCO relations.,exact,sosa:hasProcedure,Sheet2,27,urn:uuid:b19cbe47-53f4-4fc6-8175-136a215a98b5,explicitly_unmapped,,,,candidate for mapping analysis,,
44,Common OPs,sosa:hasProperty,relation from an entity to a Property of that entity,Not DL-expressible,"sosa:hasProperty rdfs:subPropertyOf bfo:bearer_of .
sosa:hasProperty rdfs:subPropertyOf bfo:has_occurrent_part .",sosa:hasProperty a owl:ObjectProperty ; rdfs:range sosa:Property .,"sosa:hasProperty must cover both bfo:SpecificallyDependentContinuant (which inhere in continuants via bfo:bearer_of) and bfo:ProcessProfile (which are occurrent parts of processes via bfo:has_occurrent_part), consistent with the Common Classes sheet treatment of sosa:Property as the union of these two BFO types.",exact,sosa:hasProperty,Sheet2,28,urn:uuid:d3fe049a-dd1e-48fa-b0eb-63fe9fb61ddc,explicitly_unmapped,,,,preserve outside active OWL mapping pending rule/SHACL design,,
45,Common OPs,sosa:hasProxy,relation from an Property to a Stimulus that serves as its proxy,OK as-is,sosa:hasProxy owl:inverseOf sosa:isProxyFor .,sosa:hasProxy owl:inverseOf sosa:isProxyFor .,sosa:hasProxy is defined as the inverse of sosa:isProxyFor. No further subproperty axiom is given because the proxy relationship — a stimulus serving as a direct indicator of a property — is not straightforwardly captured by standard BFO or CCO relations.,exact,sosa:hasProxy,Sheet2,29,urn:uuid:95c48ef0-8b94-4cd8-b9b2-65110fad4aa3,explicitly_unmapped,,,,candidate for mapping analysis,,
46,Common OPs,sosa:hasResult,relation from an Execution to its result,Semantic redesign,"sosa:hasResult rdfs:domain sosa:Execution .
sosa:hasResult rdfs:subPropertyOf cco:has_output .","sosa:hasResult a owl:ObjectProperty ; rdfs:domain [ a owl:Class ; owl:unionOf ( sosa:Execution sosa:ExecutionCollection ) ] ; rdfs:subPropertyOf cco:ont00001986 ; rdfs:comment ""Domain widened to include ExecutionCollection (native schema:domainIncludes). Maps to CCO has_output (process to continuant); Execution and ExecutionCollection are processes, results are continuants. Native FunctionalObjectProperty(sosa:hasResult) is retained and stays simple (it occurs only in the bodies of the madeSamplingHasResult / usedForExecutionHasResult chains, which does not make it non-simple).""@en .","sosa:hasResult maps to cco:has_output because results are explicitly defined as outputs of observations, actuations, or samplings.",exact,sosa:hasResult,Sheet2,30,urn:uuid:cc35e702-bfa0-42f7-b1a7-b3bd4cca6a76,active,rdfs:subPropertyOf,cco:is_output_of,,substantive reconciliation required,,
47,Common OPs,sosa:hasSample,relation from a FeatureOfInterest to the Sample or SampleCollection used to represent it,OK as-is,"sosa:hasSample rdfs:domain sosa:FeatureOfInterest .
sosa:hasSample rdfs:range [ a owl:Class ; owl:unionOf ( sosa:Sample sosa:SampleCollection ) ] .","sosa:hasSample rdfs:domain sosa:FeatureOfInterest .
sosa:hasSample rdfs:range [ a owl:Class ; owl:unionOf ( sosa:Sample sosa:SampleCollection ) ] .","The sample-of relationship is representational — the sample stands in for the feature of interest — and is not a participation relation. With sosa:FeatureOfInterest generalized to bfo:Entity, the earlier bfo:has_participant mapping (which presupposes a process-and-participant structure) no longer fits, so sosa:hasSample is declared as a standalone relation with its domain and range only.",exact,sosa:hasSample,Sheet2,31,urn:uuid:a2b2a51d-52d9-494a-a5c9-075c6f9204d4,explicitly_unmapped,,,,review as SOSA-next relation; do not transfer the current-SOSA simplicity rationale,,
48,Common OPs,sosa:hasSubSystem,relation from a System to its component parts,OK as-is,"sosa:hasSubSystem rdfs:domain sosa:System .
sosa:hasSubSystem rdfs:range sosa:System .
sosa:hasSubSystem rdfs:subPropertyOf bfo:has_continuant_part .","sosa:hasSubSystem rdfs:domain sosa:System .
sosa:hasSubSystem rdfs:range sosa:System .
sosa:hasSubSystem rdfs:subPropertyOf obo:BFO_0000178 .",sosa:hasSubSystem maps to bfo:has_continuant_part because subsystems are structural components of larger systems — they are material continuants that are parts of the larger material continuant that constitutes the system.,exact,sosa:hasSubSystem,Sheet2,32,urn:uuid:2dc7fa6c-e0e9-4ca6-8286-ba18786ed74b,active,rdfs:subPropertyOf,bfo:has_continuant_part,,verify existing active mapping against external correction,already_represented,"The governed COMS axiom has the same BFO/CCO direction and logical strength as the external corrected axiom. Source-native declarations, domains, ranges, inverses, restrictions, labels, and comments do not require an additional COMS axiom."
49,Common OPs,sosa:hasUltimateFeatureOfInterest,relation from a Deployment or Execution to its ultimate subject entity,Decision needed (default in place),sosa:hasUltimateFeatureOfInterest rdfs:subPropertyOf sosa:hasFeatureOfInterest .,"sosa:hasUltimateFeatureOfInterest a owl:ObjectProperty ; rdfs:range sosa:FeatureOfInterest ; rdfs:comment ""The workbook's added 'subPropertyOf sosa:hasFeatureOfInterest' is dropped: it collides with the native skos:note earmarking the chain hasFeatureOfInterest o isSampleOf = hasUltimateFeatureOfInterest (asserting both violates property-hierarchy regularity, Structural Spec 11.2) and it collapses the proximate/ultimate distinction. No hard rdfs:domain is asserted (the native subject envelope spans Executions, Deployments and four Collections). See Decisions needed.""@en .","sosa:hasUltimateFeatureOfInterest is a subproperty of sosa:hasFeatureOfInterest because the ultimate feature of interest is a specific kind of feature of interest — the distal entity that the execution ultimately targets, as opposed to the proximate sample that is its immediate subject.",exact,sosa:hasUltimateFeatureOfInterest,Sheet2,33,urn:uuid:367c2d2e-a731-4300-a297-71daf3430fad,explicitly_unmapped,,,,human decision required,,
50,Common OPs,sosa:hosts,relation from a Platform to an Asset (System or Platform) hosted or mounted on it,Not DL-expressible,"sosa:hosts owl:inverseOf sosa:isHostedBy .
sosa:hosts rdfs:domain sosa:Platform .
sosa:hosts rdfs:range [ a owl:Class ; owl:unionOf ( sosa:System sosa:Platform ) ] .
sosa:hosts rdfs:subPropertyOf [ a owl:ObjectProperty ;
  owl:propertyChainAxiom ( bfo:bearer_of bfo:has_realization bfo:has_participant )
] .
sosa:isHostedBy rdfs:subPropertyOf [ a owl:ObjectProperty ;
  owl:propertyChainAxiom ( [ owl:inverseOf bfo:has_participant ] bfo:realizes [ owl:inverseOf bfo:bearer_of ] )
] .","sosa:hosts a owl:ObjectProperty ; rdfs:domain sosa:Platform ; rdfs:range [ a owl:Class ; owl:unionOf ( sosa:System sosa:Platform ) ] ; owl:inverseOf sosa:isHostedBy ; rdfs:comment ""The workbook's role-mediated super-chains (bearer-of o has-realization o has-participant) are not OWL 2 DL. The published BFO-Mappings release re-expresses them as a named property chain (chain SubPropertyOf hosts); that was tried and REVERTED, because the chain interacts with the native SOSA axiom 'Platform hosts only Asset' (and its inverse 'System isHostedBy only Platform') to force non-asset participants of the realizing process into Asset/Platform, which is inconsistent for a general participant. The safe form keeps the direct domain and range; the role-realization reading is carried in annotation/SHACL. Native SOSA also defines hosts o = inDeployment o deployedSystem, which is retained in the merge.""@en .","sosa:hosts is best treated as role-mediated support realized in processes involving the hosted system, since physical attachment patterns vary and are not uniformly parthood. The property chain captures that the platform bears a role realized in executions in which the hosted entity participates.",exact,sosa:hosts,Sheet2,34,urn:uuid:d4d8448e-01ee-40e0-932e-a73ecd9c059b,active,owl:propertyChainAxiom,bfo:bearer_of o bfo:has_realization o bfo:has_participant,,do not adopt directly in OWL; assess annotation/SHACL/rule,defer_decision,"The chain is valid OWL and compositionally well typed, but it infers that a platform hosts every participant in a realization of something the platform bears. Whether that breadth is acceptable requires a modeling decision."
51,Common OPs,sosa:implementedBy,relation from a Procedure to a System that is capable of executing it,Semantic redesign,"sosa:implementedBy rdfs:subPropertyOf [ a owl:ObjectProperty ;
  owl:propertyChainAxiom ( [ owl:inverseOf cco:prescribed_by ] [ owl:inverseOf cco:has_agent ] )
] .","sosa:implementedBy a owl:ObjectProperty ; owl:inverseOf sosa:implements ; rdfs:domain sosa:Procedure ; rdfs:range sosa:System ; rdfs:comment ""Workbook super-chain (inverse(prescribed_by) o inverse(has_agent)) dropped as not OWL 2 DL; declared as the inverse of sosa:implements. See sosa:implements.""@en .",sosa:implementedBy is defined via property chain: a procedure is implemented by a system if there exists an execution prescribed by that procedure in which the system is an agent.,exact,sosa:implementedBy,Sheet2,35,urn:uuid:81a0efa2-c685-416e-95e5-470e4bb88f80,active,owl:propertyChainAxiom,cco:prescribes o cco:agent_in,,substantive reconciliation required,adapt,Replace the misdirected chain with cco:prescribes o cco:has_agent. The pinned CCO confirms that prescribes is inverse to prescribed_by and has_agent is inverse to agent_in.
52,Common OPs,sosa:implements,relation from a System to the Procedure that it is capable of executing,Semantic redesign,"sosa:implements owl:inverseOf sosa:implementedBy .
sosa:implements rdfs:subPropertyOf [ a owl:ObjectProperty ;
  owl:propertyChainAxiom ( cco:agent_in [ owl:inverseOf cco:prescribed_by ] )
] .","sosa:implements a owl:ObjectProperty ; rdfs:domain sosa:System ; rdfs:range sosa:Procedure ; rdfs:comment ""The workbook expressed 'a system implements a procedure iff it is the agent of an execution prescribed by that procedure' as P subPropertyOf [chain], i.e. P sub-property of a composition, which is not OWL 2 DL. The composition holds only in the derivation direction (chain sub P), not as a definition of P; the execution-agency reading is recorded in annotation. sosa:System equivalentClass (material entity and implements some Procedure) relies on this plain declaration.""@en .",sosa:implements is the inverse of sosa:implementedBy. The property chain captures that a system implements a procedure if it is an agent in an execution prescribed by that procedure.,exact,sosa:implements,Sheet2,36,urn:uuid:f2800ed5-c34b-46a3-9128-141537c5e9b1,active,owl:propertyChainAxiom,cco:agent_in o cco:prescribes,,substantive reconciliation required,adapt,Replace the category-incompatible chain with cco:agent_in o cco:prescribed_by. This follows the path from a system through an execution in which it is an agent to the procedure prescribing that execution.
53,Common OPs,sosa:inDeployment,relation from a Platform to a Deployment,OK as-is,sosa:inDeployment owl:inverseOf sosa:deployedOnPlatform .,sosa:inDeployment owl:inverseOf sosa:deployedOnPlatform .,sosa:inDeployment is the inverse of sosa:deployedOnPlatform.,exact,sosa:inDeployment,Sheet2,37,urn:uuid:065d887b-15b0-4489-9877-c0e2a2d46909,explicitly_unmapped,,,,candidate for mapping analysis,,
54,Common OPs,sosa:inputFor,relation from an input to a Procedure that uses it in an Execution,OK as-is,sosa:inputFor owl:inverseOf sosa:hasInput .,sosa:inputFor owl:inverseOf sosa:hasInput .,sosa:inputFor is the inverse of sosa:hasInput.,exact,sosa:inputFor,Sheet2,38,urn:uuid:5638dc4d-a0b4-4018-9ac5-c15a3e63ae1d,explicitly_unmapped,,,,candidate for mapping analysis,,
55,Common OPs,sosa:inputValueForExecution,relation from an input value to an Execution that used it,OK as-is,sosa:inputValueForExecution owl:inverseOf sosa:hasInputValue .,sosa:inputValueForExecution owl:inverseOf sosa:hasInputValue .,sosa:inputValueForExecution is the inverse of sosa:hasInputValue.,exact,sosa:inputValueForExecution,Sheet2,39,urn:uuid:2c1df02f-049f-4072-963d-b19a8a3237f0,explicitly_unmapped,,,,candidate for mapping analysis,,
56,Common OPs,sosa:isActedOnBy,relation from a Property to an Actuator that may change its state,OK as-is,sosa:isActedOnBy owl:inverseOf sosa:actsOn .,sosa:isActedOnBy owl:inverseOf sosa:actsOn .,sosa:isActedOnBy is the inverse of sosa:actsOn.,exact,sosa:isActedOnBy,Sheet2,40,urn:uuid:9ecbbdbb-c876-43c8-89b1-271ee720b45f,explicitly_unmapped,,,,candidate for mapping analysis,,
57,Common OPs,sosa:isDetectedBy,relation from a Stimulus to a Sensor that may detect it,OK as-is,sosa:isDetectedBy owl:inverseOf sosa:detects .,sosa:isDetectedBy owl:inverseOf sosa:detects .,sosa:isDetectedBy is the inverse of sosa:detects.,exact,sosa:isDetectedBy,Sheet2,41,urn:uuid:2acbcdf8-1660-4463-89cb-f21f33a5b62c,explicitly_unmapped,,,,candidate for mapping analysis,,
58,Common OPs,sosa:isFeatureOfInterestOf,"relation from a FeatureOfInterest to an Execution, Execution Collection, or Deployment, operating on it",OK as-is,sosa:isFeatureOfInterestOf owl:inverseOf sosa:hasFeatureOfInterest .,sosa:isFeatureOfInterestOf owl:inverseOf sosa:hasFeatureOfInterest .,sosa:isFeatureOfInterestOf is the inverse of sosa:hasFeatureOfInterest.,exact,sosa:isFeatureOfInterestOf,Sheet2,42,urn:uuid:6ee83e53-abe6-40f8-b1e7-537c442514a4,explicitly_unmapped,,,,candidate for mapping analysis,,
59,Common OPs,sosa:isHostedBy,"relation from an Asset (System or Platform), to a Platform that it is mounted on or hosted by",OK as-is,sosa:isHostedBy owl:inverseOf sosa:hosts .,sosa:isHostedBy owl:inverseOf sosa:hosts .,sosa:isHostedBy is the inverse of sosa:hosts.,exact,sosa:isHostedBy,Sheet2,43,urn:uuid:1be6a5bf-3543-4104-848f-e104a968cb8d,explicitly_unmapped,,,,candidate for mapping analysis,,
60,Common OPs,sosa:isMemberOf,"link from an Execution or Sample or Collection of these, to a collection that it is part of",Syntactic repair,"rdf:type owl:ObjectProperty .
owl:inverseOf sosa:hasMember .","sosa:isMemberOf a owl:ObjectProperty ; owl:inverseOf sosa:hasMember ; rdfs:comment ""Inverse of sosa:hasMember (the workbook cell's triples were subject-less; normalised with the subject supplied). No BFO parthood super, per the hasMember design.""@en .","sosa:isMemberOf is declared as a bare object property whose only axiom is the inverse relationship to sosa:hasMember. Like hasMember, it carries no BFO parthood sub-property assertion, for the same reason: BFO 2020's continuant and occurrent parthood relations have disjoint domains, and a single uniform member-relation cannot be a sub-property of both without rendering its arguments unsatisfiable. By declining to commit isMemberOf to any parthood reading, the property remains usable uniformly across all five SOSA collection types (ObservationCollection, ActuationCollection, SamplingCollection, ExecutionCollection, SampleCollection). The inverse axiom to sosa:hasMember preserves bidirectional navigation at the SOSA level, which is the primary use case in queries and data authoring. SHACL shapes that validate member types are attached to sosa:hasMember (see Common OPs: sosa:hasMember); no additional shapes are needed on isMemberOf because the constraints are equivalent via the inverse relationship, and SHACL engines will apply them correctly regardless of which direction the data is authored in. Note the terminological distinction: ""SOSA member"" refers to collection membership via sosa:hasMember / sosa:isMemberOf; ""BFO part"" refers to bfo:has_occurrent_part or bfo:has_member_part asserted at the class level on each Collection. These two concepts are intentionally decoupled in this workbook — see sosa:hasMember on Common OPs for the full rationale.",exact,sosa:isMemberOf,Sheet2,44,urn:uuid:7015fa54-a947-48bc-81cb-e7151a2e96f8,explicitly_unmapped,,,,compare and adapt only after IRI/version verification,,
61,Common OPs,sosa:isObservedBy,relation from a Property to a Sensor that is able to observe it,OK as-is,sosa:isObservedBy owl:inverseOf sosa:observes .,sosa:isObservedBy owl:inverseOf sosa:observes .,sosa:isObservedBy is the inverse of sosa:observes.,exact,sosa:isObservedBy,Sheet2,45,urn:uuid:9e9f40b7-1422-4c8f-97ba-b05621f046da,explicitly_unmapped,,,,candidate for mapping analysis,,
62,Common OPs,sosa:isOriginalSampleOf,relation from the initial Sample collected from the ultimate FeatureOfInterest to a downstream Sample or SampleCollection,OK as-is,sosa:isOriginalSampleOf owl:inverseOf sosa:hasOriginalSample .,sosa:isOriginalSampleOf owl:inverseOf sosa:hasOriginalSample .,sosa:isOriginalSampleOf is the inverse of sosa:hasOriginalSample.,exact,sosa:isOriginalSampleOf,Sheet2,46,urn:uuid:555945fc-2a5e-4ad5-86cd-59c6a6a63f8a,explicitly_unmapped,,,,candidate for mapping analysis,,
63,Common OPs,sosa:isProcedureFor,relation from a Procedure to a Property that it can observe or act on,OK as-is,sosa:isProcedureFor owl:inverseOf sosa:hasProcedure .,sosa:isProcedureFor owl:inverseOf sosa:hasProcedure .,sosa:isProcedureFor is the inverse of sosa:hasProcedure.,exact,sosa:isProcedureFor,Sheet2,47,urn:uuid:86247465-6a48-4a88-9e7e-10209bd3fe26,explicitly_unmapped,,,,candidate for mapping analysis,,
64,Common OPs,sosa:isPropertyOf,relation from a Property to a FeatureOfInterest that it is a quality of,Not DL-expressible,sosa:isPropertyOf owl:inverseOf sosa:hasProperty .,sosa:isPropertyOf a owl:ObjectProperty ; owl:inverseOf sosa:hasProperty ; rdfs:domain sosa:Property .,sosa:isPropertyOf is the inverse of sosa:hasProperty.,exact,sosa:isPropertyOf,Sheet2,48,urn:uuid:fec60e9c-ae05-4bca-9f55-7f0fadee6f11,explicitly_unmapped,,,,do not adopt directly in OWL; assess annotation/SHACL/rule,,
65,Common OPs,sosa:isProxyFor,relation from a Stimulus to the Property for which it is serving as a proxy,OK as-is,sosa:isProxyFor owl:inverseOf sosa:hasProxy .,sosa:isProxyFor owl:inverseOf sosa:hasProxy .,sosa:isProxyFor is the inverse of sosa:hasProxy.,exact,sosa:isProxyFor,Sheet2,49,urn:uuid:6da4ffeb-d979-46a6-af92-c7fb310ede52,explicitly_unmapped,,,,candidate for mapping analysis,,
66,Common OPs,sosa:isResultOf,relation from a result to the Execution that created or caused it,OK as-is,sosa:isResultOf owl:inverseOf sosa:hasResult .,sosa:isResultOf owl:inverseOf sosa:hasResult .,sosa:isResultOf is the inverse of sosa:hasResult.,exact,sosa:isResultOf,Sheet2,50,urn:uuid:029d187d-bd5d-4d79-8283-f79cff4bf95c,explicitly_unmapped,,,,candidate for mapping analysis,,
67,Common OPs,sosa:isResultOfMadeBySampler,relation from a Sample or SampleCollection to the Sampler that made it,OK as-is,sosa:isResultOfMadeBySampler owl:inverseOf sosa:madeSamplingHasResult .,sosa:isResultOfMadeBySampler owl:inverseOf sosa:madeSamplingHasResult .,sosa:isResultOfMadeBySampler is the inverse of sosa:madeSamplingHasResult.,exact,sosa:isResultOfMadeBySampler,Sheet2,51,urn:uuid:fbd6c485-44ea-43b8-b194-3ac490bf48fa,explicitly_unmapped,,,,candidate for mapping analysis,,
68,Common OPs,sosa:isResultOfUsedProcedure,relation from a Sample or SampleCollection to the Procedure (plan) used to make it,OK as-is,sosa:isResultOfUsedProcedure owl:inverseOf sosa:usedForExecutionHasResult .,sosa:isResultOfUsedProcedure owl:inverseOf sosa:usedForExecutionHasResult .,sosa:isResultOfUsedProcedure is the inverse of sosa:usedForExecutionHasResult.,exact,sosa:isResultOfUsedProcedure,Sheet2,52,urn:uuid:32e5650f-da54-4941-a2ef-05d24c1ef00a,explicitly_unmapped,,,,candidate for mapping analysis,,
69,Common OPs,sosa:isSampleOf,relation from a Sample or SampleCollection to the FeatureOfInterest that it is intended to represent,OK as-is,sosa:isSampleOf owl:inverseOf sosa:hasSample .,sosa:isSampleOf owl:inverseOf sosa:hasSample .,sosa:isSampleOf is the inverse of sosa:hasSample.,exact,sosa:isSampleOf,Sheet2,53,urn:uuid:12ccae61-a7e8-46ad-92f5-f8c703388176,explicitly_unmapped,,,,review as SOSA-next relation; do not transfer the current-SOSA simplicity rationale,,
70,Common OPs,sosa:isSampleOfUltimateFOI,"relation from a Sample or SampleCollection to the ultimate FeatureOfInterest that it is intended to be representative of; i.e., the end of a chain of isSampleOf relations",Semantic redesign,sosa:isSampleOfUltimateFOI owl:inverseOf sosa:featureHasUltimateSample .,"sosa:isSampleOfUltimateFOI a owl:ObjectProperty ; rdfs:domain sosa:Sample ; rdfs:range sosa:FeatureOfInterest ; rdfs:comment ""Declared with its native domain/range; no BFO/CCO output super (see sosa:featureHasUltimateSample).""@en .",sosa:isSampleOfUltimateFOI is defined as the inverse of sosa:featureHasUltimateSample.,exact,sosa:isSampleOfUltimateFOI,Sheet2,54,urn:uuid:45f09d66-c0e2-43e3-909a-96b38e1116fc,explicitly_unmapped,,,,substantive reconciliation required,,
71,Common OPs,sosa:isSubSystemOf,relation from a component System to a System that it belongs to,OK as-is,sosa:isSubSystemOf owl:inverseOf sosa:hasSubSystem .,sosa:isSubSystemOf owl:inverseOf sosa:hasSubSystem .,sosa:isSubSystemOf is the inverse of sosa:hasSubSystem.,exact,sosa:isSubSystemOf,Sheet2,55,urn:uuid:f813618d-5482-41c0-bc77-24a9ee34e2c8,explicitly_unmapped,,,,candidate for mapping analysis,,
72,Common OPs,sosa:isUltimateFeatureOfInterestOf,"relation from an ultimate FeatureOfInterest to an Execution, Execution Collection, or Deployment, for which it is the ultimate subject",Semantic redesign,sosa:isUltimateFeatureOfInterestOf owl:inverseOf sosa:hasUltimateFeatureOfInterest .,sosa:isUltimateFeatureOfInterestOf a owl:ObjectProperty ; owl:inverseOf sosa:hasUltimateFeatureOfInterest ; rdfs:domain sosa:FeatureOfInterest ; rdfs:range [ a owl:Class ; owl:unionOf ( sosa:Execution sosa:ExecutionCollection sosa:Deployment ) ] .,sosa:isUltimateFeatureOfInterestOf is the inverse of sosa:hasUltimateFeatureOfInterest.,exact,sosa:isUltimateFeatureOfInterestOf,Sheet2,56,urn:uuid:fb9c0a9e-d7bf-4fa5-97fe-3fe71ba5beaa,explicitly_unmapped,,,,substantive reconciliation required,,
73,Common OPs,sosa:madeActuation,relation from an Actuator to an Actuation or ActuationCollection it has made,OK as-is,"sosa:madeActuation rdfs:domain sosa:Actuator .
sosa:madeActuation rdfs:range [ a owl:Class ; owl:unionOf ( sosa:Actuation sosa:ActuationCollection ) ] .
sosa:madeActuation rdfs:subPropertyOf cco:agent_in .","sosa:madeActuation rdfs:domain sosa:Actuator .
sosa:madeActuation rdfs:range [ a owl:Class ; owl:unionOf ( sosa:Actuation sosa:ActuationCollection ) ] .
sosa:madeActuation rdfs:subPropertyOf cco:ont00001787 .","sosa:madeActuation maps to cco:agent_in because the relation runs from the actuator (the agent) to the actuation (the process); cco:agent_in is the agent→process direction. The inverse direction, process→agent, is cco:has_agent and is captured by sosa:madeByActuator. The domain and range constraints make the relation more specific than the general cco:agent_in.",exact,sosa:madeActuation,Sheet2,57,urn:uuid:a3bead3c-ca9a-42f8-bda5-176574fd71d0,active,rdfs:subPropertyOf,cco:agent_in,,verify existing active mapping against external correction,already_represented,"The governed COMS axiom has the same BFO/CCO direction and logical strength as the external corrected axiom. Source-native declarations, domains, ranges, inverses, restrictions, labels, and comments do not require an additional COMS axiom."
74,Common OPs,sosa:madeByActuator,relation from an Actuation or ActuationCollection to the Actuator that made it,OK as-is,sosa:madeByActuator owl:inverseOf sosa:madeActuation .,sosa:madeByActuator owl:inverseOf sosa:madeActuation .,sosa:madeByActuator is the inverse of sosa:madeActuation.,exact,sosa:madeByActuator,Sheet2,58,urn:uuid:a83c6ba4-b0c0-43c5-9018-076120ab77e6,active,rdfs:subPropertyOf,cco:has_agent,,verify existing active mapping against external correction,retain,The SOSA domain and range agree with cco:has_agent: an Actuation or ActuationCollection process has an Actuator as its agent.
75,Common OPs,sosa:madeBySampler,relation from an act of Sampling to the Sampler that made it,Semantic redesign,"sosa:madeBySampler rdfs:domain sosa:Sampling .
sosa:madeBySampler rdfs:range sosa:Sampler .
sosa:madeBySampler rdfs:subPropertyOf cco:has_agent .","sosa:madeBySampler a owl:ObjectProperty ; rdfs:domain [ a owl:Class ; owl:unionOf ( sosa:Sampling sosa:SamplingCollection ) ] ; rdfs:range sosa:Sampler ; rdfs:subPropertyOf cco:ont00001833 ; rdfs:comment ""Domain widened to include SamplingCollection (native schema:domainIncludes). Maps to CCO has_agent.""@en .",sosa:madeBySampler maps to cco:has_agent because samplers are agents in sampling processes.,exact,sosa:madeBySampler,Sheet2,59,urn:uuid:45ab5b89-b48b-4472-b37a-e7a40271b340,active,rdfs:subPropertyOf,cco:has_agent,,substantive reconciliation required,,
76,Common OPs,sosa:madeBySensor,relation from an Observation or ObservationCollection to the Sensor involved,Semantic redesign,"sosa:madeBySensor rdfs:domain sosa:Observation .
sosa:madeBySensor rdfs:range sosa:Sensor .
sosa:madeBySensor rdfs:subPropertyOf cco:has_agent .","sosa:madeBySensor a owl:ObjectProperty ; rdfs:domain [ a owl:Class ; owl:unionOf ( sosa:Observation sosa:ObservationCollection ) ] ; rdfs:range sosa:Sensor ; rdfs:subPropertyOf cco:ont00001833 ; rdfs:comment ""Domain widened to include ObservationCollection (native schema:domainIncludes). Maps to CCO has_agent (process to Agent).""@en .",sosa:madeBySensor maps to cco:has_agent because sensors function as agents in observation processes.,exact,sosa:madeBySensor,Sheet2,60,urn:uuid:1db47c58-82e4-45ed-8c75-1daebdf9616b,active,rdfs:subPropertyOf,cco:has_agent,,substantive reconciliation required,,
77,Common OPs,sosa:madeBySystem,relation from an Execution to the System that made it,Semantic redesign,"sosa:madeBySystem rdfs:domain sosa:Execution .
sosa:madeBySystem rdfs:range sosa:System .
sosa:madeBySystem rdfs:subPropertyOf cco:has_agent .","sosa:madeBySystem a owl:ObjectProperty ; rdfs:domain [ a owl:Class ; owl:unionOf ( sosa:Actuation sosa:ActuationCollection sosa:Observation sosa:ObservationCollection sosa:Sampling sosa:SamplingCollection sosa:Execution sosa:ExecutionCollection ) ] ; rdfs:range sosa:System ; rdfs:subPropertyOf cco:ont00001833 ; rdfs:comment ""Domain widened to the full execution family (native schema:domainIncludes). Maps to CCO has_agent.""@en .","sosa:madeBySystem maps to cco:has_agent because systems function as agents in execution processes. This is the most general of the made-by relations, covering all sosa:Execution types.",exact,sosa:madeBySystem,Sheet2,61,urn:uuid:5f0b98b4-739e-45fa-b756-01f8e1a06566,active,rdfs:subPropertyOf,cco:has_agent,,substantive reconciliation required,,
78,Common OPs,sosa:madeExecution,relation from a System to an Execution or ExecutionCollection that it has made,OK as-is,sosa:madeExecution owl:inverseOf sosa:madeBySystem .,sosa:madeExecution owl:inverseOf sosa:madeBySystem .,sosa:madeExecution is the inverse of sosa:madeBySystem.,exact,sosa:madeExecution,Sheet2,62,urn:uuid:2a839a3f-02f3-47d8-8482-6960cf88625d,explicitly_unmapped,,,,candidate for mapping analysis,,
79,Common OPs,sosa:madeObservation,relation from a Sensor to an Observation or ObservationCollection it has made,OK as-is,sosa:madeObservation owl:inverseOf sosa:madeBySensor .,sosa:madeObservation owl:inverseOf sosa:madeBySensor .,sosa:madeObservation is the inverse of sosa:madeBySensor.,exact,sosa:madeObservation,Sheet2,63,urn:uuid:1a74e4c4-7b3e-4538-9967-263dd3a7de90,explicitly_unmapped,,,,candidate for mapping analysis,,
80,Common OPs,sosa:madeSampling,relation from a Sampler to the Sampling or SamplingCollection it has made,OK as-is,sosa:madeSampling owl:inverseOf sosa:madeBySampler .,sosa:madeSampling owl:inverseOf sosa:madeBySampler .,sosa:madeSampling is the inverse of sosa:madeBySampler.,exact,sosa:madeSampling,Sheet2,64,urn:uuid:9a05a746-cc32-4d52-88d6-22da6833e880,explicitly_unmapped,,,,candidate for mapping analysis,,
81,Common OPs,sosa:madeSamplingHasResult,relation from a Sampler to a Sample or SampleCollection made by it,OK as-is,sosa:madeSamplingHasResult owl:propertyChainAxiom ( sosa:madeSampling sosa:hasResult ) .,sosa:madeSamplingHasResult owl:propertyChainAxiom ( sosa:madeSampling sosa:hasResult ) .,sosa:madeSamplingHasResult is defined via property chain: a sampler has this relation to a sample if it made a sampling that has that sample as its result. This shortcut property allows direct querying of sampler-to-sample relationships without traversing the intermediate sosa:Sampling node.,exact,sosa:madeSamplingHasResult,Sheet2,65,urn:uuid:e69ea37a-e4dc-43d4-b90d-fe94d76da025,explicitly_unmapped,,,,candidate for mapping analysis,,
82,Common OPs,sosa:observationRelatedTo,relation from an Observation or ObservationCollection to another Execution or ExecutionCollection,OK as-is,"sosa:observationRelatedTo rdfs:domain [ a owl:Class ; owl:unionOf ( sosa:Observation sosa:ObservationCollection ) ] .
sosa:observationRelatedTo rdfs:range [ a owl:Class ; owl:unionOf ( sosa:Execution sosa:ExecutionCollection ) ] .","sosa:observationRelatedTo rdfs:domain [ a owl:Class ; owl:unionOf ( sosa:Observation sosa:ObservationCollection ) ] .
sosa:observationRelatedTo rdfs:range [ a owl:Class ; owl:unionOf ( sosa:Execution sosa:ExecutionCollection ) ] .","sosa:observationRelatedTo is marked difficult because ""related"" is intentionally vague in the spec — it covers shared occurrent parts, shared procedures, or shared features of interest. No single BFO or CCO relation captures this disjunctive relatedness, and no property chain can express it without a union construction.",exact,sosa:observationRelatedTo,Sheet2,66,urn:uuid:81bb38b5-18d7-46fb-8018-158f858f80eb,explicitly_unmapped,,,,candidate for mapping analysis,,
83,Common OPs,sosa:observedProperty,relation from an Observation or ObservationCollection to the property observed,Semantic redesign,"sosa:observedProperty rdfs:domain sosa:Observation .
sosa:observedProperty rdfs:range sosa:Property .
sosa:observedProperty rdfs:subPropertyOf cco:has_input .","sosa:observedProperty a owl:ObjectProperty ; rdfs:domain [ a owl:Class ; owl:unionOf ( sosa:Observation sosa:ObservationCollection ) ] ; rdfs:range sosa:Property ; rdfs:comment ""Domain widened to include ObservationCollection (native schema:domainIncludes). The workbook (and the published BFO-Mappings release) put this under CCO has-input, but has-input has a continuant range, so an observation of a ProcessProfile-branch Property (a rate or pattern) would be typed Continuant and Occurrent at once and the ontology would be inconsistent on that legitimate assertion. The super is therefore not asserted; the aboutness of an observation to its target Property is carried in the RO/annotation layer.""@en .","sosa:observedProperty maps to cco:has_input because the observed property is what the observation targets — it is the subject of the act of measuring, fitting the sense of an input to the observation process.",exact,sosa:observedProperty,Sheet2,67,urn:uuid:e7ea316d-6cc8-4ad9-b9d7-a519acaaaf0c,active,rdfs:subPropertyOf,cco:has_input,,substantive reconciliation required,deactivate,"cco:has_input has a continuant range, whereas sosa:Property includes the ProcessProfile branch. The current mapping can impose continuant typing on an occurrent property."
84,Common OPs,sosa:observes,relation from a Sensor to a Property that it is capable of sensing,Semantic redesign,"sosa:observes rdfs:domain sosa:Sensor .
sosa:observes rdfs:range sosa:Property .
sosa:observes rdfs:subPropertyOf bfo:has_participant .","sosa:observes a owl:ObjectProperty ; rdfs:domain sosa:Sensor ; rdfs:range sosa:Property ; rdfs:comment ""Capability-level relation (a Sensor is capable of observing a Property). The occurrence-level participation intent is not asserted as a BFO/CCO super-property because that would type every Sensor as a process; it is carried in the RO mapping (capable-of family) and may be validated by SHACL.""@en .","sosa:observes is a capability-level relation between a sensor and a property. It maps to bfo:has_participant as a conservative upper mapping, capturing that both entities participate in observation processes, without overcommitting to a more specific relation.",exact,sosa:observes,Sheet2,68,urn:uuid:00198fc7-790c-49da-90d7-e93e42ef82cc,active,rdfs:subPropertyOf,bfo:has_participant,,substantive reconciliation required,deactivate,"The source relation has a Sensor subject, whereas bfo:has_participant has a process domain. The current subproperty axiom can therefore classify a sensor as a process."
85,Common OPs,sosa:originated,relation from a Stimulus to an Observation that was originated by it,Semantic redesign,"sosa:originated rdfs:domain sosa:Stimulus .
sosa:originated rdfs:range sosa:Observation .
sosa:originated rdfs:subPropertyOf cco:process_started_by .","sosa:originated a owl:ObjectProperty ; rdfs:domain sosa:Stimulus ; rdfs:range sosa:Observation ; rdfs:subPropertyOf cco:ont00001803 ; rdfs:comment ""Re-pointed from cco:process_started_by to cco:is_cause_of (is-cause-of): the Stimulus is the cause, so 'stimulus originated observation' means the stimulus is the cause of the observation. Under process_started_by (x is caused_by y) the causality was inverted.""@en .",sosa:originated maps to cco:process_started_by because the stimulus causally initiates the observation process — it is the causal precursor that starts the observation.,exact,sosa:originated,Sheet2,69,urn:uuid:58a6eb93-dda2-46e1-9246-7d42f20557b0,active,rdfs:subPropertyOf,cco:process_starts,,substantive reconciliation required,,
86,Common OPs,sosa:outputFor,relation from an output to a Procedure that generates it in an Execution,OK as-is,sosa:outputFor owl:inverseOf sosa:hasOutput .,sosa:outputFor owl:inverseOf sosa:hasOutput .,sosa:outputFor is the inverse of sosa:hasOutput.,exact,sosa:outputFor,Sheet2,70,urn:uuid:07d4d12f-47b6-4c04-9546-b28faf40c814,explicitly_unmapped,,,,candidate for mapping analysis,,
87,Common OPs,sosa:phenomenonOccurred,result of an Execution that this time applies to,Semantic redesign,"sosa:phenomenonOccurred rdfs:domain sosa:Execution .
sosa:phenomenonOccurred rdfs:range bfo:TemporalRegion .","sosa:phenomenonOccurred a owl:ObjectProperty ; owl:inverseOf sosa:phenomenonTime ; rdfs:domain obo:BFO_0000008 ; rdfs:range [ a owl:Class ; owl:unionOf ( sosa:Execution sosa:ExecutionCollection ) ] ; rdfs:comment ""Domain/range restored to the native orientation (temporal region to execution); the workbook cells had formalized the reversed execution-to-time reading, which is phenomenonTime's role.""@en .",sosa:phenomenonOccurred is marked difficult because it relates an execution to a temporal region in which the phenomenon of interest occurred — this is a complex temporal relation not straightforwardly captured by BFO or CCO object properties.,exact,sosa:phenomenonOccurred,Sheet2,71,urn:uuid:17f2bd9e-1757-4087-88a4-9b74a805e23d,active,rdfs:range,bfo:TemporalRegion,,substantive reconciliation required,,
88,Common OPs,sosa:phenomenonTime,time that the result of an Execution applies to the subject entity,Semantic redesign,subPropertyOf owl:topDataProperty,"sosa:phenomenonTime a owl:ObjectProperty ; owl:inverseOf sosa:phenomenonOccurred ; rdfs:domain [ a owl:Class ; owl:unionOf ( sosa:Execution sosa:ExecutionCollection ) ] ; rdfs:range obo:BFO_0000008 ; rdfs:comment ""Restored to owl:ObjectProperty (native SOSA 2023 kind), replacing the cell's SubDataPropertyOf owl:topDataProperty, which typed the same IRI as both object and data property (and data properties cannot have inverses) — an OWL 2 DL typing violation. Range is the temporal region the execution's output pertains to; no BFO temporal super is asserted (that would equate it with the execution's own occupied time, false for forecast/hindcast).""@en .",sosa:phenomenonTime is a datatype property associating a literal temporal value with an execution. It is outside the BFO object property hierarchy because literals are outside the domain of discourse of the logic. subPropertyOf owl:topDataProperty is the correct ceiling for datatype properties.,exact,sosa:phenomenonTime,Sheet2,72,urn:uuid:b311531a-d29f-4e0e-89f0-1f8341334eae,explicitly_unmapped,,,,substantive reconciliation required,,
89,Common OPs,sosa:propertyFor,relation from a Property to some Procedure or System that acts on it or observes it,OK as-is,sosa:propertyFor owl:inverseOf sosa:forProperty .,sosa:propertyFor owl:inverseOf sosa:forProperty .,sosa:propertyFor is the inverse of sosa:forProperty.,exact,sosa:propertyFor,Sheet2,73,urn:uuid:f7d05446-f36a-426c-a9d5-f70f558fe795,explicitly_unmapped,,,,candidate for mapping analysis,,
90,Common OPs,sosa:qualityOf,link from a quality description to an Observation or ObservationCollection that it relates to,OK as-is,"sosa:qualityOf rdfs:domain cco:InformationContentEntity .
sosa:qualityOf rdfs:range [ a owl:Class ; owl:unionOf ( sosa:Observation sosa:ObservationCollection ) ] .
sosa:qualityOf rdfs:subPropertyOf cco:is_about .","sosa:qualityOf rdfs:domain cco:ont00000958 .
sosa:qualityOf rdfs:range [ a owl:Class ; owl:unionOf ( sosa:Observation sosa:ObservationCollection ) ] .
sosa:qualityOf rdfs:subPropertyOf cco:ont00001808 .",sosa:qualityOf maps to cco:is_about because the quality description is an information content entity that is about the observation or observation collection whose output quality it characterizes.,exact,sosa:qualityOf,Sheet2,74,urn:uuid:82250dfa-1952-4cbe-ac32-3b510d49503b,active,rdfs:subPropertyOf,cco:is_about,,verify existing active mapping against external correction,already_represented,"The governed COMS axiom has the same BFO/CCO direction and logical strength as the external corrected axiom. Source-native declarations, domains, ranges, inverses, restrictions, labels, and comments do not require an additional COMS axiom."
91,Common OPs,sosa:relatedObservation,relation from an Execution or ExecutionCollection to an Observation or ObservationCollection,OK as-is,"sosa:relatedObservation rdfs:domain [ a owl:Class ; owl:unionOf ( sosa:Execution sosa:ExecutionCollection ) ] .
sosa:relatedObservation rdfs:range [ a owl:Class ; owl:unionOf ( sosa:Observation sosa:ObservationCollection ) ] .","sosa:relatedObservation rdfs:domain [ a owl:Class ; owl:unionOf ( sosa:Execution sosa:ExecutionCollection ) ] .
sosa:relatedObservation rdfs:range [ a owl:Class ; owl:unionOf ( sosa:Observation sosa:ObservationCollection ) ] .","sosa:relatedObservation is marked difficult because ""related"" covers shared occurrent parts or shared features of interest — a disjunctive condition not expressible as a single BFO or CCO subproperty without a union construction.",exact,sosa:relatedObservation,Sheet2,75,urn:uuid:80c37523-2be3-492c-b6df-b238bf958a79,explicitly_unmapped,,,,candidate for mapping analysis,,
92,Common OPs,sosa:resultQuality,relation from an Observation or ObservationCollection to some information pertaining to the quality of the result,Semantic redesign,"sosa:resultQuality rdfs:domain [ a owl:Class ; owl:unionOf ( sosa:Observation sosa:ObservationCollection ) ] .
sosa:resultQuality rdfs:range cco:InformationContentEntity .
sosa:resultQuality rdfs:subPropertyOf cco:is_about .","sosa:resultQuality a owl:ObjectProperty ; rdfs:domain [ a owl:Class ; owl:unionOf ( sosa:Observation sosa:ObservationCollection ) ] ; rdfs:range cco:ont00000958 ; rdfs:subPropertyOf cco:ont00001801 ; rdfs:comment ""Re-pointed to CCO is_subject_of (the inverse of is_about): the result-quality ICE is about the observation, so the observation is the subject of that ICE. The workbook's cco:is_about super inverted this and typed every Observation subject as an ICE (continuant), clashing with Observation as a process.""@en .",sosa:resultQuality maps to cco:is_about because the result quality description is an information content entity that is about the observation whose output quality it characterizes. It is the inverse direction of sosa:qualityOf.,exact,sosa:resultQuality,Sheet2,76,urn:uuid:47a4f062-e7eb-4eae-8f53-6945995d6ddc,active,rdfs:subPropertyOf,cco:is_about,,substantive reconciliation required,,
93,Common OPs,sosa:systemDeployment,relation from a System to a Deployment,Semantic redesign,sosa:systemDeployment owl:inverseOf sosa:deployedAsset .,"sosa:systemDeployment a owl:ObjectProperty ; owl:inverseOf sosa:deployedSystem ; rdfs:subPropertyOf sosa:hasDeployment ; rdfs:comment ""Inverse corrected from sosa:deployedAsset to sosa:deployedSystem (native). Asserting the deployedAsset inverse collapsed systemDeployment with hasDeployment and deployedSystem with deployedAsset, destroying the native strict sub-hierarchy.""@en .",sosa:systemDeployment is the inverse of sosa:deployedAsset.,exact,sosa:systemDeployment,Sheet2,77,urn:uuid:44a289a7-8f9a-409d-9b97-f1c2d2245c52,explicitly_unmapped,,,,substantive reconciliation required,,
94,Common OPs,sosa:usedForExecution,relation from a Procedure to an Execution or ExecutionCollection made using it,OK as-is,sosa:usedForExecution owl:inverseOf sosa:usedProcedure .,sosa:usedForExecution owl:inverseOf sosa:usedProcedure .,sosa:usedForExecution is the inverse of sosa:usedProcedure.,exact,sosa:usedForExecution,Sheet2,78,urn:uuid:2d13ab69-1389-4d45-8aa2-271deba052a7,explicitly_unmapped,,,,candidate for mapping analysis,,
95,Common OPs,sosa:usedForExecutionHasResult,relation from a Procedure to a Sample or SampleCollection made by it,OK as-is,sosa:usedForExecutionHasResult owl:propertyChainAxiom ( sosa:usedForExecution sosa:hasResult ) .,sosa:usedForExecutionHasResult owl:propertyChainAxiom ( sosa:usedForExecution sosa:hasResult ) .,sosa:usedForExecutionHasResult is defined via property chain: a procedure has this relation to a sample if there exists an execution using that procedure that has the sample as its result. This shortcut allows direct querying of procedure-to-sample relationships.,exact,sosa:usedForExecutionHasResult,Sheet2,79,urn:uuid:01443e30-96fd-431f-ad31-67619f80c12c,explicitly_unmapped,,,,candidate for mapping analysis,,
96,Common OPs,sosa:usedProcedure,relation from an Execution or ExecutionCollection to the Procedure used,Semantic redesign,"sosa:usedProcedure rdfs:domain sosa:Execution .
sosa:usedProcedure rdfs:range sosa:Procedure .
sosa:usedProcedure rdfs:subPropertyOf cco:prescribed_by .","sosa:usedProcedure a owl:ObjectProperty ; rdfs:domain [ a owl:Class ; owl:unionOf ( sosa:Execution sosa:ExecutionCollection ) ] ; rdfs:range sosa:Procedure ; rdfs:subPropertyOf cco:ont00001920 ; rdfs:comment ""Domain widened to include ExecutionCollection (native schema:domainIncludes). Maps to CCO prescribed_by (the execution is prescribed by the procedure it used).""@en .",sosa:usedProcedure maps to cco:prescribed_by because using a procedure in an execution means the execution is carried out according to its prescriptions.,exact,sosa:usedProcedure,Sheet2,80,urn:uuid:adaab904-a46a-41a2-97dc-66c701d1a1fc,active,rdfs:subPropertyOf,cco:prescribed_by,,substantive reconciliation required,,
97,Common OPs,sosa:wasActedOnBy,relation from a Property to an Actuation that changed its state,OK as-is,sosa:wasActedOnBy owl:inverseOf sosa:actsOnProperty .,sosa:wasActedOnBy owl:inverseOf sosa:actsOnProperty .,sosa:wasActedOnBy is the inverse of sosa:actsOnProperty.,exact,sosa:wasActedOnBy,Sheet2,81,urn:uuid:f175888f-0793-4656-9ba0-60b446c40ed8,explicitly_unmapped,,,,candidate for mapping analysis,,
98,Common OPs,sosa:wasObservedBy,relation from a Property to an Observation that observed it,OK as-is,sosa:wasObservedBy owl:inverseOf sosa:observedProperty .,sosa:wasObservedBy owl:inverseOf sosa:observedProperty .,sosa:wasObservedBy is the inverse of sosa:observedProperty.,exact,sosa:wasObservedBy,Sheet2,82,urn:uuid:edf729c1-2c87-4b6b-82a2-ffecb4a95be3,explicitly_unmapped,,,,candidate for mapping analysis,,
99,Common OPs,sosa:wasOriginatedBy,relation from an Observation to the Stimulus that originated it,OK as-is,"sosa:wasOriginatedBy owl:inverseOf sosa:originated .
sosa:wasOriginatedBy rdfs:subPropertyOf cco:process_started_by .","sosa:wasOriginatedBy owl:inverseOf sosa:originated .
sosa:wasOriginatedBy rdfs:subPropertyOf cco:ont00001962 .",sosa:wasOriginatedBy is the inverse of sosa:originated. It also maps to cco:process_started_by because the stimulus causally initiates the observation process.,exact,sosa:wasOriginatedBy,Sheet2,83,urn:uuid:becca3d0-9aea-4f60-9cff-895add564144,active,rdfs:subPropertyOf,cco:process_started_by,,verify existing active mapping against external correction,already_represented,The current process_started_by mapping matches the external corrected row. Its coherence with the separately proposed redesign of sosa:originated must still be reviewed in the semantic-redesign set.
100,Common DPs,sosa:endTime,instant of time when the Execution or Deployment was ended or completed,OK as-is,subPropertyOf owl:topDataProperty,sosa:endTime rdfs:subPropertyOf owl:topDataProperty .,"endTime is modeled as a datatype property because it associates a literal temporal value with a process or deployment, not an entity. It parallels sosa:resultTime and sosa:startTime in being a temporal annotation on executions and deployments.",exact,sosa:endTime,Sheet2,8,urn:uuid:ce089ac3-c908-47b9-9480-adba020cad7f,deferred,,,Datatype-property mapping deferred pending repository-wide COMS support for datatype-property source terms. This capability must be implemented consistently for both the current SOSA mapping and the forthcoming SOSA mapping.,preserve datatype-property deferral pending repository-wide support,,
101,Common DPs,sosa:hasSimpleResult,relation from an Execution to its value expressed as a literal,OK as-is,subPropertyOf owl:topDataProperty,sosa:hasSimpleResult rdfs:subPropertyOf owl:topDataProperty .,"hasSimpleResult is modeled as a datatype property because it directly associates a literal value with an execution, providing a lightweight alternative to the full sosa:hasResult object property when the result can be expressed as a simple literal.",exact,sosa:hasSimpleResult,Sheet2,9,urn:uuid:af747b46-1967-4532-990f-02555c3d7a28,deferred,,,Datatype-property mapping deferred pending repository-wide COMS support for datatype-property source terms. This capability must be implemented consistently for both the current SOSA mapping and the forthcoming SOSA mapping.,preserve datatype-property deferral pending repository-wide support,,
102,Common DPs,sosa:resultTime,instant of time when the result of the Execution became available,OK as-is,subPropertyOf owl:topDataProperty,sosa:resultTime rdfs:subPropertyOf owl:topDataProperty .,"resultTime is modeled as a datatype property because it associates a literal temporal value with a process, not an entity. It is distinct from sosa:phenomenonTime, which denotes when the phenomenon pertains, rather than when the result was produced.",exact,sosa:resultTime,Sheet2,10,urn:uuid:26f5f739-2926-4f2c-b78b-35a28d56e7cc,deferred,,,Datatype-property mapping deferred pending repository-wide COMS support for datatype-property source terms. This capability must be implemented consistently for both the current SOSA mapping and the forthcoming SOSA mapping.,preserve datatype-property deferral pending repository-wide support,,
103,Common DPs,sosa:startTime,instant of time when the Execution or Deployment was initiated or tasked,OK as-is,subPropertyOf owl:topDataProperty,sosa:startTime rdfs:subPropertyOf owl:topDataProperty .,"startTime is modeled as a datatype property because it associates a literal temporal value with a process or deployment, not an entity. It parallels sosa:endTime and sosa:resultTime in being a temporal annotation on executions and deployments.",exact,sosa:startTime,Sheet2,11,urn:uuid:0dc53714-99d6-4219-95d4-fdeb832b6ea3,deferred,,,Datatype-property mapping deferred pending repository-wide COMS support for datatype-property source terms. This capability must be implemented consistently for both the current SOSA mapping and the forthcoming SOSA mapping.,preserve datatype-property deferral pending repository-wide support,,
104,System Capability,sosa:Battery,"A Battery powering a System as its primary or secondary power source. As this is a specialization of the System class, modeling of integrated battery management systems is also possible.",Syntactic repair,"sosa:Battery rdfs:subClassOf sosa:System .
sosa:Battery rdfs:subClassOf [ a owl:Restriction ;
  owl:onProperty bfo:bearer_of ;
  owl:someValuesFrom bfo:Function ] .","sosa:Battery a owl:Class ; rdfs:subClassOf sosa:System , [ a owl:Restriction ; owl:onProperty obo:BFO_0000196 ; owl:someValuesFrom obo:BFO_0000034 ] ; rdfs:comment ""Declared as an owl:Class (the pinned sosa-system.ttl omits the explicit rdf:type owl:Class, an upstream declaration gap). A System that bears a Function (obo:BFO_0000034) realised in energy-supply processes.""@en .","sosa:Battery is a subclass of sosa:System because a battery is a material entity that implements procedures by powering another system. It bears a bfo:Function realized in energy-supply processes, consistent with the BFO treatment of functional entities. It is not a subclass of sosa:Sensor or sosa:Actuator because it does not make observations or actuate properties; it enables other systems to do so.",exact,sosa:Battery,Sheet1,28,urn:uuid:2706ef81-3169-4ca8-9d38-8b683e9ebe01,active,rdfs:subClassOf,bfo:bearer_of some bfo:Function,,compare and adapt only after IRI/version verification,,
105,System Capability,sosa:hasOperatingConditions,"Relation between a System and its Operating Conditions, modelled as ObservationCollection (or Observation) describing conditions under which the System can operate. A short but extensible list of sub-classes of OperatingConditions is provided in SSN-System, such as normal operating conditions, suboptimal conditions, and survivable conditions.",Not DL-expressible,"sosa:hasOperatingConditions rdfs:domain sosa:System .
sosa:hasOperatingConditions rdfs:range [ a owl:Class ;
  owl:unionOf ( sosa:Observation sosa:ObservationCollection ) ] .
sosa:hasOperatingConditions rdfs:subPropertyOf [ a owl:ObjectProperty ;
  owl:propertyChainAxiom ( bfo:bearer_of [ owl:inverseOf cco:is_about ] ) ] .","sosa:hasOperatingConditions a owl:ObjectProperty ; rdfs:domain sosa:System ; rdfs:range sosa:OperatingConditions ; rdfs:comment ""The workbook super-chain (bearer_of o inverse(is_about)) is not OWL 2 DL (anonymous chain-bearing property in the super position of subPropertyOf). The intended constraint — the operating-conditions Observation is about a specifically dependent continuant the System bears — is moved to the SHACL layer. Range narrowed to sosa:OperatingConditions to differentiate this property from sosa:hasSystemCapability.""@en .",sosa:hasOperatingConditions links a sosa:System to a sosa:ObservationCollection or sosa:Observation because the operating conditions are expressed as observed values of environmental properties. This is consistent with the broader SOSA pattern of using observations to describe system state and context. The range is a union because a single sosa:Observation suffices for simple cases while a sosa:ObservationCollection is needed for multi-dimensional condition descriptions. [check] The property chain ( bfo:bearer_of [ owl:inverseOf cco:is_about ] ) depends on the sosa:Observation being explicitly asserted as about the sosa:System.,exact,sosa:hasOperatingConditions,Sheet2,2,urn:uuid:281bf661-130d-4508-9cfb-41640c74d565,active,owl:propertyChainAxiom,bfo:bearer_of o cco:is_subject_of,,do not adopt directly in OWL; assess annotation/SHACL/rule,deactivate,"The chain bfo:bearer_of o cco:is_subject_of concludes in an Information Content Entity, whereas the SOSA-next relation ranges over OperatingConditions, Observation, or ObservationCollection. The chain does not express the source relation."
106,System Capability,sosa:hasSystemCapability,Relation between a System and an ObservationCollection (or Observation) describing the capability of the system. A sensor or system may have more than one set of system capabilities with different validity contexts.,Not DL-expressible,"sosa:hasSystemCapability rdfs:domain sosa:System .
sosa:hasSystemCapability rdfs:range [ a owl:Class ;
  owl:unionOf ( sosa:Observation sosa:ObservationCollection ) ] .
sosa:hasSystemCapability rdfs:subPropertyOf [ a owl:ObjectProperty ;
  owl:propertyChainAxiom ( bfo:bearer_of [ owl:inverseOf cco:is_about ] ) ] .","sosa:hasSystemCapability a owl:ObjectProperty ; rdfs:domain sosa:System ; rdfs:range [ a owl:Class ; owl:unionOf ( sosa:Observation sosa:ObservationCollection ) ] ; rdfs:comment ""The workbook super-chain (bearer_of o inverse(is_about)) is not OWL 2 DL; the borne-capability aboutness constraint is moved to SHACL. Kept distinct from sosa:hasOperatingConditions (which is narrowed to an OperatingConditions range).""@en .","sosa:hasSystemCapability links a sosa:System to a sosa:ObservationCollection or sosa:Observation because system capabilities are expressed as observed or measurable values of properties such as accuracy, range, or resolution. This follows the SOSA pattern of representing system characteristics as observations, enabling capability descriptions to be queried and compared using the same mechanisms as observational data. [check] The property chain ( bfo:bearer_of [ owl:inverseOf cco:is_about ] ) depends on the sosa:Observation being explicitly asserted as about the sosa:System.",exact,sosa:hasSystemCapability,Sheet2,3,urn:uuid:e8bea09c-9380-4f7d-9dbf-92b15095ac80,active,owl:propertyChainAxiom,bfo:bearer_of o cco:is_subject_of,,do not adopt directly in OWL; assess annotation/SHACL/rule,deactivate,"The chain bfo:bearer_of o cco:is_subject_of concludes in an Information Content Entity, whereas the SOSA-next relation ranges over Observation or ObservationCollection. The chain does not express the source relation."
107,System Capability,sosa:hasValidityContext,"Links a an observation collection or observation (typically about the system capabilities) or a property (typically about the system capabilities) to its validity context, described as an observation collection or observation (typically about the system environment)",Semantic redesign,"sosa:hasValidityContext rdfs:domain [ a owl:Class ;
  owl:unionOf ( sosa:Observation sosa:ObservationCollection sosa:Property ) ] .
sosa:hasValidityContext rdfs:range [ a owl:Class ;
  owl:unionOf ( sosa:Observation sosa:ObservationCollection ) ] .
sosa:validityContextOf owl:inverseOf sosa:hasValidityContext .","sosa:hasValidityContext a owl:ObjectProperty ; rdfs:domain [ a owl:Class ; owl:unionOf ( sosa:Observation sosa:ObservationCollection sosa:Property ) ] ; rdfs:range [ a owl:Class ; owl:unionOf ( sosa:Observation sosa:ObservationCollection ) ] ; rdfs:comment ""The workbook cell minted sosa:validityContextOf (an inverse partner absent from SOSA 2023 and every pinned source, coined inside the W3C sosa: namespace); it is dropped. An alignment must not mint IRIs in the aligned namespace; if an inverse is needed use ObjectInverseOf(sosa:hasValidityContext).""@en .","sosa:hasValidityContext captures the conditionality of system capabilities and properties — a capability may only hold within specific environmental bounds. The domain is a union of sosa:Observation, sosa:ObservationCollection, and sosa:Property because validity contexts can qualify both capability descriptions and the properties themselves. The range is a sosa:ObservationCollection or sosa:Observation because environmental conditions are expressed as observed values in the SOSA pattern.",exact,sosa:hasValidityContext,Sheet2,4,urn:uuid:1d7f918a-7c25-4c26-bb69-26072e2fac76,explicitly_unmapped,,,,substantive reconciliation required,,
108,System Capability,sosa:NormalOperatingConditions,Type of observation or observation collection that describe the conditions under which a system is expected to operate normally.,OK as-is,sosa:NormalOperatingConditions rdfs:subClassOf sosa:OperatingConditions .,sosa:NormalOperatingConditions rdfs:subClassOf sosa:OperatingConditions .,"sosa:NormalOperatingConditions is a subclass of sosa:OperatingConditions because normal operating conditions are a specific type of operating conditions — those under which the system performs as designed. The subclass relationship captures the specialization without adding additional axioms, consistent with the simplified 2023 system capabilities module design.",exact,sosa:NormalOperatingConditions,Sheet1,29,urn:uuid:25c98756-ede3-4fe3-8a74-e498011b0da9,explicitly_unmapped,,,,candidate for mapping analysis,,
109,System Capability,sosa:OperatingConditions,"Type of observation or observation collection that describe operating conditions of systems. Sub-classes of this class explicit the desirability of the conditions. Three such sub-classes are provided as a basic classification: NormalOperatingConditions, SuboptimalOperatingConditions, and SurvivableConditions.",OK as-is,"sosa:OperatingConditions rdfs:subClassOf [ a owl:Class ;
  owl:unionOf ( sosa:Observation sosa:ObservationCollection ) ] .
sosa:OperatingConditions rdfs:subClassOf [ a owl:Restriction ;
  owl:onProperty sosa:hasFeatureOfInterest ;
  owl:someValuesFrom sosa:System ] .","sosa:OperatingConditions rdfs:subClassOf [ a owl:Class ;
  owl:unionOf ( sosa:Observation sosa:ObservationCollection ) ] .
sosa:OperatingConditions rdfs:subClassOf [ a owl:Restriction ;
  owl:onProperty sosa:hasFeatureOfInterest ;
  owl:someValuesFrom sosa:System ] .","sosa:OperatingConditions is modeled as a subclass of the union of sosa:Observation and sosa:ObservationCollection because operating conditions are expressed as observed values of environmental properties. This follows the SOSA pattern of using observations to represent system context, and allows operating conditions to be queried and compared using standard SOSA mechanisms. It is the superclass of sosa:NormalOperatingConditions, sosa:SuboptimalOperatingConditions, and sosa:SurvivableConditions.",exact,sosa:OperatingConditions,Sheet1,30,urn:uuid:08fea714-bd84-4a7f-95d8-f37019c70c12,explicitly_unmapped,,,,candidate for mapping analysis,,
110,System Capability,sosa:SuboptimalOperatingConditions,"Type of observation or observation collection that describe the conditions under which a system is expected to operate sub-optimally. Results will still be reported but the performance of the sensor, in term of precision for example, will be impaired.",OK as-is,sosa:SuboptimalOperatingConditions rdfs:subClassOf sosa:OperatingConditions .,sosa:SuboptimalOperatingConditions rdfs:subClassOf sosa:OperatingConditions .,"sosa:SuboptimalOperatingConditions is a subclass of sosa:OperatingConditions because suboptimal operating conditions are a specific type of operating conditions — those under which the system continues to function but with degraded performance. The subclass relationship captures the specialization without adding additional axioms, consistent with the simplified 2023 system capabilities module design.",exact,sosa:SuboptimalOperatingConditions,Sheet1,31,urn:uuid:c5a22b6f-d24d-451f-a9d3-ed3a46cb83b4,explicitly_unmapped,,,,candidate for mapping analysis,,
111,System Capability,sosa:SurvivableConditions,"Type of observation or observation collection that describe the conditions under which a system is expected to survive, that is to continue to exist in its current form, even if its future operations are impaired. A typical example is the temperature at which a sensor looses physical integrity and looses its shape. A system or sensor exposed to conditions outside of those reported by SurvivableConditions will no longer be serviceable.",OK as-is,sosa:SurvivableConditions rdfs:subClassOf sosa:OperatingConditions .,sosa:SurvivableConditions rdfs:subClassOf sosa:OperatingConditions .,"sosa:SurvivableConditions is a subclass of sosa:OperatingConditions because survivable conditions are a specific type of operating conditions — those under which the system persists as a material entity even if operational capability is impaired or lost. The subclass relationship is consistent with the simplified 2023 module design. Note that survivability is distinct from normal or suboptimal operation: the system need not function, only continue to exist in its current form.",exact,sosa:SurvivableConditions,Sheet1,32,urn:uuid:b3961e11-66c4-406b-aef7-ec5425f0a1a9,explicitly_unmapped,,,,candidate for mapping analysis,,
112,Sample Relationship,sosa-rel:RelationshipNature,the nature of a relationship between two Samples,OK as-is,sosa-rel:RelationshipNature rdfs:subClassOf cco:InformationContentEntity .,sosa-rel:RelationshipNature rdfs:subClassOf cco:ont00000958 .,"sosa-rel:RelationshipNature is a subclass of cco:InformationContentEntity because it is a generically dependent continuant that carries content about the type of relation between two sosa:Samples. It is not a specifically dependent continuant because SDCs inhere in independent continuants or processes, and a sosa-rel:SampleRelationship is neither.",namespace_alias,sampling:RelationshipNature,Sheet1,33,urn:uuid:c66ea1c8-2d57-482c-b1ab-6ca82d6f8f90,active,rdfs:subClassOf,cco:InformationContentEntity,,verify existing active mapping against external correction,already_represented,"The governed COMS axiom has the same BFO/CCO direction and logical strength as the external corrected axiom. Source-native declarations, domains, ranges, inverses, restrictions, labels, and comments do not require an additional COMS axiom."
113,Sample Relationship,sosa-rel:SampleRelationship,relationship from one Sample to another Sample,OK as-is,"sosa-rel:SampleRelationship rdfs:subClassOf cco:InformationContentEntity .
sosa-rel:SampleRelationship rdfs:subClassOf [ a owl:Restriction ;
  owl:onProperty sosa-rel:relatedSample ;
  owl:someValuesFrom sosa:Sample ] .
sosa-rel:SampleRelationship rdfs:subClassOf [ a owl:Restriction ;
  owl:onProperty sosa-rel:natureOfRelationship ;
  owl:someValuesFrom sosa-rel:RelationshipNature ] .","sosa-rel:SampleRelationship rdfs:subClassOf cco:ont00000958 .
sosa-rel:SampleRelationship rdfs:subClassOf [ a owl:Restriction ;
  owl:onProperty sosa-rel:relatedSample ;
  owl:someValuesFrom sosa:Sample ] .
sosa-rel:SampleRelationship rdfs:subClassOf [ a owl:Restriction ;
  owl:onProperty sosa-rel:natureOfRelationship ;
  owl:someValuesFrom sosa-rel:RelationshipNature ] .","sosa-rel:SampleRelationship is a subclass of cco:InformationContentEntity because it is a generically dependent continuant that encodes a relational fact between two sosa:Samples. It is not a specifically dependent continuant because SDCs inhere in independent continuants or processes, and a sosa-rel:SampleRelationship is neither.",namespace_alias,sampling:SampleRelationship,Sheet1,34,urn:uuid:55b58986-6556-40f8-a521-6990f65a9729,active,rdfs:subClassOf,cco:InformationContentEntity,,verify existing active mapping against external correction,already_represented,"The governed COMS axiom has the same BFO/CCO direction and logical strength as the external corrected axiom. Source-native declarations, domains, ranges, inverses, restrictions, labels, and comments do not require an additional COMS axiom."
114,Sample Relationship,sosa-rel:hasSampleRelationship,links a Sample to a SampleRelationship,Syntactic repair,"sosa-rel:hasSampleRelationship schema:domainIncludes sosa:Sample .
sosa-rel:hasSampleRelationship schema:rangeIncludes sosa-rel:SampleRelationship .","sosa-rel:hasSampleRelationship a owl:ObjectProperty ; rdfs:domain sosa:Sample ; rdfs:range sosa-rel:SampleRelationship ; rdfs:comment ""Declared as an object property with logical domain/range. The workbook's schema:domainIncludes / schema:rangeIncludes are annotation properties carrying no DL semantics (as the Reasoning states and native SOSA does); they are declared as owl:AnnotationProperty in this ontology so the merged graph stays in the OWL 2 DL profile.""@en .","sosa-rel:hasSampleRelationship uses schema:domainIncludes and schema:rangeIncludes rather than rdfs:domain and rdfs:range to avoid unintended type inferences. rdfs:domain and rdfs:range have formal entailments — any subject of this property would be inferred to be a sosa:Sample and any object inferred to be a sosa-rel:SampleRelationship, even in contexts where that inference is unwarranted. This is consistent with the lightweight SOSA axiomatization pattern, which uses schema:domainIncludes and schema:rangeIncludes throughout for the same reason.",namespace_alias,sampling:hasSampleRelationship,Sheet2,5,urn:uuid:edc8b7a0-fcd0-4dc7-a286-55218f6dc2c2,explicitly_unmapped,,,,compare and adapt only after IRI/version verification,,
115,Sample Relationship,sosa-rel:natureOfRelationship,links a SampleRelationship to an indication of the nature of the relationship,Syntactic repair,"sosa-rel:natureOfRelationship schema:domainIncludes sosa-rel:SampleRelationship .
sosa-rel:natureOfRelationship schema:rangeIncludes sosa-rel:RelationshipNature .","sosa-rel:natureOfRelationship a owl:ObjectProperty ; rdfs:domain sosa-rel:SampleRelationship ; rdfs:range sosa-rel:RelationshipNature ; rdfs:comment ""Object property with logical domain/range; the schema:* range hints are annotation-only.""@en .","sosa-rel:natureOfRelationship uses schema:domainIncludes and schema:rangeIncludes rather than rdfs:domain and rdfs:range to avoid unintended type inferences. rdfs:domain and rdfs:range have formal entailments — any subject of this property would be inferred to be a sosa-rel:SampleRelationship and any object inferred to be a sosa-rel:RelationshipNature, even in contexts where that inference is unwarranted. This is consistent with the lightweight SOSA axiomatization pattern, which uses schema:domainIncludes and schema:rangeIncludes throughout for the same reason.",namespace_alias,sampling:natureOfRelationship,Sheet2,6,urn:uuid:d581367e-d0f4-491e-9d3e-ff1ac7655eee,explicitly_unmapped,,,,compare and adapt only after IRI/version verification,,
116,Sample Relationship,sosa-rel:relatedSample,links a SampleRelationship to the related Sample,Syntactic repair,"sosa-rel:relatedSample schema:domainIncludes sosa-rel:SampleRelationship .
sosa-rel:relatedSample schema:rangeIncludes sosa:Sample .","sosa-rel:relatedSample a owl:ObjectProperty ; rdfs:domain sosa-rel:SampleRelationship ; rdfs:range sosa:Sample ; rdfs:comment ""Object property with logical domain/range; the schema:* hints are annotation-only.""@en .","sosa-rel:relatedSample uses schema:domainIncludes and schema:rangeIncludes rather than rdfs:domain and rdfs:range to avoid unintended type inferences. rdfs:domain and rdfs:range have formal entailments — any subject of this property would be inferred to be a sosa-rel:SampleRelationship and any object inferred to be a sosa:Sample, even in contexts where that inference is unwarranted. This is consistent with the lightweight SOSA axiomatization pattern, which uses schema:domainIncludes and schema:rangeIncludes throughout for the same reason.",namespace_alias,sampling:relatedSample,Sheet2,7,urn:uuid:d69a7c8a-5f83-4924-aab6-33d6016fe06d,explicitly_unmapped,,,,compare and adapt only after IRI/version verification,,
